package,owner,category,sub_category
BackpropNeuralNet,compressed,AI,Machine Learning
BayesianNonparametrics,OFAI,AI,Machine Learning
BNMF,r9y9,AI,Machine Learning
ConfidenceWeighted,chezou,AI,Machine Learning
Contingency,svs14,AI,Machine Learning
Clustering,JuliaStats,AI,Machine Learning
DAI,binarybana,AI,Machine Learning
DecisionTree,bensadeghi,AI,Machine Learning
DecisionTrees,MikeInnes,AI,Machine Learning
Discretizers,sisl,AI,Machine Learning
EGR,stefanks,AI,Machine Learning
ELM,lepisma,AI,Machine Learning
EmpiricalRiskMinimization,reesepathak,AI,Machine Learning
FeatureSelection,Evizero,AI,Machine Learning
Flimsy,thomlake,AI,Machine Learning
FunctionalDataUtils,rened,AI,Machine Learning
go,dmrd,AI,Machine Learning
GradientBoost,svs14,AI,Machine Learning
GLMNet,JuliaStats,AI,Machine Learning
HopfieldNets,johnmyleswhite,AI,Machine Learning
HSIC,trappmartin,AI,Machine Learning
JuML,Statfactory,AI,Machine Learning
KaggleDigitRecognizer,benhamner,AI,Machine Learning
KDTrees,KristofferC,AI,Machine Learning
Keras,ayush1999,AI,Machine Learning
Kernels,trthatcher,AI,Machine Learning
Knet,denizyuret,AI,Machine Learning
kNN,johnmyleswhite,AI,Machine Learning
Ladder,mrtzh,AI,Machine Learning
Learn,Rory-Finnegan,AI,Machine Learning
LearnBase,JuliaML,AI,Machine Learning
LearningStrategies,JuliaML,AI,Machine Learning
LIBLINEAR,innerlee,AI,Machine Learning
LIBSVM,mpastell,AI,Machine Learning
LossFunctions,JuliaML,AI,Machine Learning
NMF,JuliaStats,AI,Machine Learning
MachineLearning,benhamner,AI,Machine Learning
Merlin,hshindo,AI,Machine Learning
MLDatasets,JuliaML,AI,Machine Learning
MLLabelUtils,JuliaML,AI,Machine Learning
MLKernels,trthatcher,AI,Machine Learning
MochaTheano,benmoran,AI,Machine Learning
MXNet,dmlc,AI,Machine Learning
NetworkLearning,zgornel,AI,Machine Learning
Ollam,mit-nlp,AI,Machine Learning
OnlineAI,tbreloff,AI,Machine Learning
Orchestra,svs14,AI,Machine Learning
ParticleFilters,JuliaPOMDP,AI,Machine Learning
PredictMD,bcbi,AI,Machine Learning
PrivateMultiplicativeWeights,mrtzh,AI,Machine Learning
ProjectiveDictionaryPairLearning,quxiaofeng,AI,Machine Learning
RegERMs,BigCrunsh,AI,Machine Learning
SALSA,jumutc,AI,Machine Learning
ScikitLearn,cstjean,AI,Machine Learning
ScikitLearnBase,cstjean,AI,Machine Learning
SimpleML,aviks,AI,Machine Learning
SFA,makokal,AI,Machine Learning
SoftConfidenceWeighted,IshitaTakeshi,AI,Machine Learning
Strada,pcmoritz,AI,Machine Learning
SVMLightLoader,IshitaTakeshi,AI,Machine Learning
TensorFlow,malmaud,AI,Machine Learning
TheDataMustFlow,ExpandingMan,AI,Machine Learning
TSVD,JuliaLinearAlgebra,AI,Machine Learning
ValueHistories,JuliaML,AI,Machine Learning
XLATools,MikeInnes,AI,Machine Learning
DistLearn,pluskid,AI,
ML4H,johnmyleswhite,AI,
AdaGram,sbos,AI,NLP
BKTrees,JuliaNeighbors,AI,NLP
ConceptnetNumberbatch,zgornel,AI,NLP
CorpusLoaders,JuliaText,AI,NLP
DependencyTrees,dellison,AI,NLP
DPL,quxiaofeng,AI,NLP
GloVe,domluna,AI,NLP
Glowe,zgornel,AI,NLP
GoodTuring,JoFrhwld,AI,NLP
JuliaParser,jakebolewski,AI,NLP
KUparser,denizyuret,AI,NLP
Languages,JuliaText,AI,NLP
Levenshtein,rawrgrr,AI,NLP
LTSV,kshramt,AI,NLP
MeCab,chezou,AI,NLP
NGram,remusao,AI,NLP
ParserCombinator,andrewcooke,AI,NLP
Parsimonious,gitfoxi,AI,NLP
PEGParser,abeschneider,AI,NLP
PyLexYacc,iamed2,AI,NLP
SimpleParser,ordovician,AI,NLP
Stemmers,tanmaykm,AI,NLP
StringAnalysis,zgornel,AI,NLP
Sumup,remusao,AI,NLP
Treekenize,o-jasper,AI,NLP
Text,mit-nlp,AI,NLP
TextAnalysis,JuliaText,AI,NLP
TopicModels,slycoder,AI,NLP
TOML,pygy,AI,NLP
Word2Vec,JuliaText,AI,NLP
WordNet,JuliaText,AI,NLP
EnglishText,TotalVerb,AI,
Why,TorkelE,AI,
FiniteStateMachine,tinybike,AI,
MeCab,chezou,AI,
DeepQLearning,Andy-P,AI,
Flux,FluxML,AI,
MelGeneralizedCepstrums,r9y9,AI,
MFCC,JuliaDSP,AI,
SpeechBase,r9y9,AI,
SPTK,r9y9,AI,
SynthesisFilters,r9y9,AI,
WORLD,r9y9,AI,
GURLS,joehuchette,AI,
SupervisedLearning,Evizero,AI,
Mocha,pluskid,AI,
ANN,EricChiang,AI,Neural Networks
Boltzmann,dfdx,AI,Neural Networks
FANN,gasagna,AI,Neural Networks
MultiLabelNeuralNetwork,jperla,AI,Neural Networks
neural,compressed,AI,Neural Networks
NeuralNets,anj1,AI,Neural Networks
neuralnetwork,tomaskrehlik,AI,Neural Networks
NeuralNetworks,soumith,AI,Neural Networks
ONNX,FluxML,AI,Neural Networks
RecurrentNN,Andy-P,AI,Neural Networks
RNN,kzahedi,AI,Neural Networks
SpikeNet,damiendr,AI,Neural Networks
StackedNets,yarlett,AI,Neural Networks
SumProductNetworks,trappmartin,AI,Neural Networks
Hydna,jfd,API,API
Joseki,amellnik,API,API
MapLight,WestleyArgentum,API,API
NewsAPI,joshday,API,API
OpenSecrets,WestleyArgentum,API,API
PlotlyJS,sglyon,API,API
Sunlight,WestleyArgentum,API,API
Twilert,glesica,API,API
Twitter,randyzwitch,API,API
MathLink,JuliaInterop,Mathematics,Math
Mathematica,MikeInnes,Mathematics,Math
Git,JuliaPackaging,API,
GitHub,JuliaWeb,API,
LibGit2,jakebolewski,API,
Octokit,Keno,API,
GetC,rennis250,API,
Clipper,JuliaGeometry,API,
Cpp,timholy,API,
Cxx,JuliaInterop,API,
CxxROOT,Keno,API,
CxxWrap,JuliaInterop,API,
ErlPort,thorgisl,API,
FortranIO,rephorm,API,
GoTMSupport,ordovician,API,
JavaCall,JuliaInterop,API,
JDBC,JuliaDatabases,API,
TeaSeis,ChevronETC,API,
DThree,jverzani,API,JavaScript
GoogleCharts,jverzani,API,JavaScript
j2d3,fredo-dedup,API,JavaScript
JavaScriptBridge,EricForgy,API,JavaScript
JSExpr,JuliaGizmos,API,JavaScript
JSTypes,johnmyleswhite,API,JavaScript
PlotlyJS,sglyon,API,JavaScript
TableView,JuliaComputing,API,JavaScript
Twiddle,BenJWard,API,JavaScript
Vue,JuliaGizmos,API,JavaScript
M2J,iamed2,API,
MAT,JuliaIO,API,
MatlabCompat,MatlabCompat,API,
MATLAB,JuliaInterop,API,
Mex,twadleigh,API,
Moonwalk,diogo149,API,
ObjectiveC,JunoLab,API,
FileFind,johnmyleswhite,API,
Processing,rennis250,API,
Polyglot,wavexx,API,
PyCall,JuliaPy,API,
PySyntax,kdheepak,API,
ProjectTemplate,johnmyleswhite,API,
RCall,JuliaInterop,API,
RCalling,randy3k,API,
RData,JuliaData,API,
Rif,lgautier,API,
ReadStat,queryverse,API,
Reduce,chakravala,API,
ReduceAlgebra,JuliaReducePkg,API,
ReduceLinAlg,JuliaReducePkg,API,
FFIExamples,johnmyleswhite,API,
DataStructures,JuliaCollections,Algorithms,
ARules,bcbi,Algorithms,
CRC,andrewcooke,Algorithms,
CRC32,fhs,Algorithms,
RecSys,abhijithch,Algorithms,
AhoCorasick,gilesc,Algorithms,
BlossomV,mlewe,Algorithms,
JellyFish,samuelcolvin,Algorithms,
Loess,JuliaStats,Algorithms,
Match,kmsquire,Algorithms,
NearestNeighbors,KristofferC,Algorithms,
ReverseRegexes,carlobaldassi,Algorithms,
AdiaRoll,Roger-luo,Algorithms,
Hadamard,stevengj,Algorithms,
HClust,davidavdav,Algorithms,
NaturalSort,JuliaStrings,Algorithms,
SearchSortAlgos,Dawny33,Algorithms,
SortingAlgorithms,JuliaCollections,Algorithms,
SortingLab,xiaodaigh,Algorithms,
LabelPropagation,afternone,Algorithms,
TravelingSalesmanHeuristics,evanfields,Algorithms,
DReal,zenna,Algorithms,
PicoSAT,jakebolewski,Algorithms,
Z3,ahumenberger,Algorithms,
COBRA,opencobra,Biology,
Bio,BioJulia,Biology,Bioinformatics
Circuitscape,Circuitscape,Biology,Bioinformatics
EMIRT,seung-lab,Biology,Bioinformatics
MIToS,diegozea,Biology,Bioinformatics
MMTF,BioJulia,Biology,Bioinformatics
Rosalind,PilgrimShadow,Biology,Bioinformatics
taxize,sckott,Biology,Bioinformatics
Crispulator,tlnagy,Biology,Bioinformatics
Bioinformatics,mrtkp9993,Biology,Bioinformatics
NormalizeQuantiles,oheil,Biology,Bioinformatics
BioMedQuery,bcbi,Biology,
OrbitTomography,lstagner,Biology,
pedigree,Rpedigree,Biology,
ROC,diegozea,Biology,
Diversity,richardreeve,Biology,
GBIF,EcoJulia,Biology,
FishABM,jangevaare,Biology,
EcologicalNetwork,PoisotLab,Biology,
SpatialEcology,EcoJulia,Biology,
LeafAreaIndex,ETC-UA,Biology,
Iceberg,njwilson23,Biology,
TEOS,njwilson23,Biology,
BioArgParse,Ward9250,Biology,Genomics
BioFeatures,nw11,Biology,Genomics
BioSeq,BioJulia,Biology,Genomics
BismarkSummary,nw11,Biology,Genomics
COSMIC,haploxer,Biology,Genomics
Ensemble,farr,Biology,Genomics
FastaIO,carlobaldassi,Biology,Genomics
FusionDirect,OpenGene,Biology,Genomics
GenomeAnnotations,nw11,Biology,Genomics
GenomicTiles,nw11,Biology,Genomics
Gillespie,sdwfrost,Biology,Genomics
HTSLIB,OpenGene,Biology,Genomics
HyperNEAT,kzahedi,Biology,Genomics
IntervalTrees,BioJulia,Biology,Genomics
LCS,WestleyArgentum,Biology,Genomics
OBC,binarybana,Biology,Genomics
OpenGene,OpenGene,Biology,Genomics
Pagel,porterjamesj,Biology,Genomics
Pathogen,jangevaare,Biology,Genomics
PedModule,QTL-rocks,Biology,Genomics
Phylogenetics,BioJulia,Biology,Genomics
PhyloNetworks,crsl4,Biology,Genomics
PhyloTrees,jangevaare,Biology,Genomics
ProgressiveAligner,latticetower,Biology,Genomics
PseudoGenomes,nw11,Biology,Genomics
PureSeq,slundberg,Biology,Genomics
seqhax,kdmurray91,Biology,Genomics
SpeedDate,Ward9250,Biology,Genomics
TimeTrees,tgvaughan,Biology,Genomics
VariantCall,mgvel,Biology,Genomics
XSim,reworkhow,Biology,Genomics
YARS,kzahedi,Biology,Genomics
AlignmentStatistics,DanielHoffmann32,Biology,
JWAS,reworkhow,Biology,
MendelBase,OpenMendel,Biology,
SnpArrays,OpenMendel,Biology,
StatGenData,dmbates,Biology,
VarianceComponentTest,Tao-Hu,Biology,
EvoDuplexes,timbitz,Biology,
CellFishing,bicycle1885,Biology,
MicroscopyLabels,tlnagy,Biology,
BrainWave,sam81,Biology,
DCEMRI,davidssmith,Biology,
EEG,codles,Biology,
NEAT,Andy-P,Biology,
NeuroAnalysis,babaq,Biology,
OpenEphysLoader,galenlynch,Biology,
SkullSegment,simonster,Biology,
SpikeSorter,grero,Biology,
DataInterpolations,PumasAI,Biology,
Pumas,PumasAI,Biology,
PumasDocs,PumasAI,Biology,
PumasTutorials,PumasAI,Biology,
PumasPlots,PumasAI,Biology,
Chemfiles,chemfiles,Chemistry,
MethylUtils,nw11,Chemistry,
Qlab,blakejohnson,Chemistry,
Synchrony,simonster,Chemistry,
ChemometricsTools,caseykneale,Chemistry,
JuLIP,JuliaMolSim,Chemistry,
ASE,libAtoms,Chemistry,
BucklingOfPipes,goedman,Chemistry,
ClassicalLaminateTheory,goedman,Chemistry,
Dimers,sswatson,Chemistry,
Brownian,UniversityofWarwick,Chemistry,
ChemicalKinetics,scidom,Chemistry,
HydrocarbonNets,Ismael-VC,Chemistry,
DFTK,JuliaMolSim,Chemistry,
DynamicTimeWarp,joefowler,Chemistry,
Cliffords,BBN-Q,Chemistry,
QSimulator,BBN-Q,Chemistry,
CommonCrawl,tanmaykm,Data Science,Software
Faker,codeneomatrix,Data Science,Software
FaceDatasets,dfdx,Data Science,Software
Maker,tshort,Data Science,Software
ModelerToolbox,spencerlyon2,Data Science,Software
NetflixPrize,jiahao,Data Science,Software
PublicSuffix,tanmaykm,Data Science,Software
PubMedMiner,bcbi,Data Science,Software
RDatasets,JuliaStats,Data Science,Software
Socrata,drewgendreau,Data Science,Software
UCIMLRepo,siddhantjain,Data Science,Software
WorldBankData,4gh,Data Science,Software
jplyr,davidagold,Data Science,
REDCap,bcbi,Data Science,
MindResearchRepository,dmbates,Data Science,
Juliaset,tanmaykm,Mathematics,Math
D4M,achen12,API,API
DBAPI,JuliaDB,API,API
DBPerf,JuliaDatabases,API,API
LevelDB,jerryzhenleicai,API,API
Memcache,tanmaykm,API,API
JDBC,JuliaDatabases,API,API
ODBC,JuliaDatabases,API,API
ViewDBI,kmsquire,API,API
DataFrames,JuliaData,Database,
IndexedTables,JuliaComputing,Database,
Pandas,JuliaPy,Database,
DataFramesMeta,JuliaData,Database,
FastGroupBy,xiaodaigh,Database,
Accumulo,JuliaDB,Database,
kyotocabinet,tuzzeg,Database,
Neo4j,glesica,Database,
EasyData,ma-laforge,Database,
CQLdriver,r3tex,Database,
DataKnots,rbt-lang,Database,
LMDB,wildart,Database,
Mongoc,felipenoris,Database,
Mongo,ScottPJones,Database,
LibBSON,ScottPJones,Database,
Octo,wookay,Database,
MariaDB,Dynactionize,Database,
MySQL,JuliaDatabases,Database,
SQLAlchemy,malmaud,Database,
LibPQ,invenia,Database,
PostgreSQL,swt30,Database,
Postgres,NCarson,Database,
DBDSQLite,JuliaDatabases,Database,
SQLite,JuliaDatabases,Database,
ASTInterpreter2,Keno,Desktop Applications,
Gallium,Keno,Desktop Applications,
DebuggingUtilities,timholy,Desktop Applications,
Rebugger,timholy,Desktop Applications,
RR,Keno,Desktop Applications,
Suppressor,JuliaIO,Desktop Applications,
Traceur,JunoLab,Desktop Applications,
ToggleableAsserts,MasonProtter,Desktop Applications,
Doc,dcarrera,Desktop Applications,Documentation Tools
Docile,MichaelHatherly,Desktop Applications,Documentation Tools
DocStringExtensions,JuliaDocs,Desktop Applications,Documentation Tools
Documenter,JuliaDocs,Desktop Applications,Documentation Tools
Lexicon,MichaelHatherly,Desktop Applications,Documentation Tools
Markdown,JuliaAttic,Desktop Applications,Documentation Tools
Remark,piever,Desktop Applications,Documentation Tools
Roxygen,johnmyleswhite,Desktop Applications,Documentation Tools
Tuxedo,milktrader,Desktop Applications,Documentation Tools
Weave,JunoLab,Desktop Applications,Documentation Tools
Blink,JuliaGizmos,Desktop Applications,GUI
Canvas,shashi,Desktop Applications,GUI
Electron,davidanthoff,Desktop Applications,GUI
JGUI,jverzani,Desktop Applications,GUI
JuliaTools,tknopp,Desktop Applications,GUI
PySide,jverzani,Desktop Applications,GUI
QML,barche,Desktop Applications,GUI
Qt5,tbreloff,Desktop Applications,GUI
Table,cpritcha,Desktop Applications,GUI
Tk,JuliaGraphics,Desktop Applications,GUI
XClipboard,kmsquire,Desktop Applications,GUI
GI,bfredl,Desktop Applications,
Gtk,JuliaGraphics,Desktop Applications,
GtkApps,tknopp,Desktop Applications,
GtkInteract,jverzani,Desktop Applications,
Acorn,nick-paul,Desktop Applications,
BlinkEditor,EricForgy,Desktop Applications,
Julietta,tknopp,Desktop Applications,
Interact,JuliaGizmos,Desktop Applications,
InteractNext,JuliaGizmos,Desktop Applications,
Atom,JunoLab,Desktop Applications,
Electron,davidanthoff,Desktop Applications,
Autoreload,malmaud,Desktop Applications,
ErrorLineNumber,StephenVavasis,Desktop Applications,
Hydra,Keno,Desktop Applications,
IJuliaWidgets,shashi,Desktop Applications,
IPython,tkf,Desktop Applications,
NBInclude,stevengj,Desktop Applications,
WeavePynb,jverzani,Desktop Applications,
JuliaBoxUtils,tanmaykm,Desktop Applications,
Jake,nolta,DevOps,
Juke,kshramt,DevOps,
OpenStack,Keno,DevOps,
TestDocs,simonbyrne,DevOps,
TravisTest,JuliaCI,DevOps,
FemtoCleaner,JuliaComputing,DevOps,
HackThatBase,ihnorton,DevOps,
BinaryBuilder,JuliaPackaging,DevOps,
BinaryProvider,JuliaPackaging,DevOps,
BinDeps,JuliaPackaging,DevOps,
Conda,JuliaPy,DevOps,
RudeOil,UCL,DevOps,
Kuber,JuliaComputing,DevOps,
APT,bbshortcut,DevOps,
DebbyPacker,UCL,DevOps,
RPMmd,ihnorton,DevOps,
WinRPM,JuliaPackaging,DevOps,
Homebrew,JuliaPackaging,DevOps,
BuildExecutable,dhoegh,DevOps,
METADATA,JuliaLang,DevOps,Packaging
Pkg3,StefanKarpinski,DevOps,Packaging
Compat,JuliaLang,DevOps,Packaging
DeclarativePackages,rened,DevOps,Packaging
EasyPkg,oschulz,DevOps,Packaging
Help,nkottary,DevOps,Packaging
PrivateModules,JuliaPackageMirrors,DevOps,Packaging
Julz,djsegal,DevOps,Packaging
JPM,MikeInnes,DevOps,Packaging
Kip,jkroso,DevOps,Packaging
LibALPM,yuyichao,DevOps,Packaging
Nix,JuliaPackaging,DevOps,Packaging
PackageEvaluator,IainNZ,DevOps,Packaging
PkgDev,JuliaLang,DevOps,Packaging
Require,jkroso,DevOps,Packaging
Requires,MikeInnes,DevOps,Packaging
VersionParsing,stevengj,DevOps,Packaging
Playground,Rory-Finnegan,DevOps,
Digger,MikeInnes,DevOps,
Fuzz,danluu,DevOps,
Log4jl,wildart,DevOps,
Logging,kmsquire,DevOps,
LogMover,nkottary,DevOps,
Lumberjack,forio,DevOps,
Stage,saltpork,DevOps,
BaseTestDeprecated,IainNZ,DevOps,Unit Tests
CoverageBase,timholy,DevOps,Unit Tests
Coverage,JuliaCI,DevOps,Unit Tests
Debug,toivoh,DevOps,Unit Tests
FactCheck,zachallaun,DevOps,Unit Tests
Fixtures,burrowsa,DevOps,Unit Tests
Jig,milktrader,DevOps,Unit Tests
JulieTest,arypurnomoz,DevOps,Unit Tests
PackageTesting,johnmyleswhite,DevOps,Unit Tests
RunTests,burrowsa,DevOps,Unit Tests
Saute,milktrader,DevOps,Unit Tests
testfast,Veraticus,DevOps,Unit Tests
UnitTest,analyzere,DevOps,Unit Tests
Rotations,JuliaGeometry,Earth Science,
Quaternions,JuliaGeometry,Earth Science,
ClimateTools,JuliaClimate,Earth Science,
Mimi,mimiframework,Earth Science,
Krige,njwilson23,Earth Science,
GeoStats,JuliaEarth,Earth Science,
OpenStreetMapParser,yeesian,Earth Science,
Proj4,JuliaGeo,Earth Science,
PyProj,kshramt,Earth Science,
ArchGDAL,yeesian,Earth Science,GIS
DtPlot,dejakaymac,Earth Science,GIS
EarthSphere,cuevasclemente,Earth Science,GIS
FlowNetworks,scheidan,Earth Science,GIS
Gaia,jsbj,Earth Science,GIS
GDAL,JuliaGeo,Earth Science,GIS
Geodesy,JuliaGeo,Earth Science,GIS
GeographicLibPy,kshramt,Earth Science,GIS
GeoInterface,JuliaGeo,Earth Science,GIS
GIS,wkearn,Earth Science,GIS
GeoIP,JuliaWeb,Earth Science,GIS
GeoJSON,JuliaGeo,Earth Science,GIS
GMT,GenericMappingTools,Earth Science,GIS
Jultran,jsbj,Earth Science,GIS
OpenStreetMap,tedsteiner,Earth Science,GIS
OpenStreetMapX,pszufe,Earth Science,GIS
SpatialStats,dchudz,Earth Science,GIS
Turf,philoez98,Earth Science,GIS
Tyndall,jsbj,Earth Science,GIS
Watershed,seung-lab,Earth Science,GIS
NMEA,RobBlackwell,Earth Science,
CAIRS,scheidan,Earth Science,
CERESViewer,jsbj,Earth Science,
Hotwire,pjabardo,Earth Science,
Met_Plots_Models,zhujinxuan,Earth Science,
Scriabin,jsbj,Earth Science,
TTCal,mweastwood,Earth Science,
Schemata,JockLawrie,File IO,
JLD,JuliaIO,File IO,
FortranFiles,traktofon,File IO,
HDF5,JuliaIO,File IO,
HDF5Logger,tuckermcclure,File IO,
HexEdit,templarlabs,File IO,
LargeColumns,tpapp,File IO,
StrPack,pao,File IO,
AIDA,jstrube,File IO,Data Formats
BEncode,joshuamiller,File IO,Data Formats
BDF,sam81,File IO,Data Formats
BGZF,kmsquire,File IO,Data Formats
Brukerfile,tknopp,File IO,Data Formats
BufferedStreams,BioJulia,File IO,Data Formats
COFF,Keno,File IO,Data Formats
DWARF,Keno,File IO,Data Formats
ELF,Keno,File IO,Data Formats
FastaIO,carlobaldassi,File IO,Data Formats
FlatBuffers,JuliaData,File IO,Data Formats
Grisu,quinnj,File IO,Data Formats
IniFile,JuliaIO,File IO,Data Formats
MachO,Keno,File IO,Data Formats
MNIST,johnmyleswhite,File IO,Data Formats
NeuralynxNCS,simonster,File IO,Data Formats
NetCDF,JuliaGeo,File IO,Data Formats
NPZ,fhs,File IO,Data Formats
ObjFileBase,Keno,File IO,Data Formats
OIFITS,emmt,File IO,Data Formats
OpenSlide,ihnorton,File IO,Data Formats
PList,ordovician,File IO,Data Formats
PLX,simonster,File IO,Data Formats
HarwellBoeing,dpo,File IO,Data Formats
SASLib,tk3369,File IO,Data Formats
Shapefile,JuliaGeo,File IO,Data Formats
Silo,jgoldfar,File IO,Data Formats
XPT,lendle,File IO,Data Formats
BSON,JuliaIO,File IO,
JSON2,quinnj,File IO,
JSONTables,JuliaData,File IO,
LazyJSON,JuliaCloud,File IO,
uJSON,samuelcolvin,File IO,
OdsIO,sylvaticus,File IO,
PDFIO,sambitdash,File IO,
Silo,jgoldfar,File IO,
CSVFiles,queryverse,File IO,Tabular Data
DataRead,WizardMac,File IO,Tabular Data
StatFiles,queryverse,File IO,Tabular Data
Feather,JuliaData,File IO,Tabular Data
JuliaDB,JuliaComputing,File IO,Tabular Data
LAJuliaUtils,sylvaticus,File IO,Tabular Data
MAT,JuliaIO,File IO,Tabular Data
Parquet,JuliaIO,File IO,Tabular Data
ParquetFiles,queryverse,File IO,Tabular Data
Tables,JuliaData,File IO,Tabular Data
TableWidgets,piever,File IO,Tabular Data
Xdmf,JuliaFEM,File IO,
EodDataTestXml,adriantorrie,File IO,XML
EzXML,bicycle1885,File IO,XML
LibExpat,JuliaIO,File IO,XML
LightXML,JuliaIO,File IO,XML
MusicXML,JuliaMusic,File IO,XML
mzXML,timholy,File IO,XML
SpimRegXML,bhoeckendorf,File IO,XML
XML,amitmurthy,File IO,XML
XML2JSON,paulstey,File IO,XML
XMLconvert,bcbi,File IO,XML
XMLDict,JuliaCloud,File IO,XML
XMLRPC,sjkelly,File IO,XML
XmlToDict,elcritch,File IO,XML
Patchwork,shashi,File IO,
Arrow,ExpandingMan,File IO,DataType
ASCIIByte,Elin-,File IO,DataType
AutoFormat,yulijia,File IO,DataType
BigRationals,andrioni,File IO,DataType
CBOR,JuliaIO,File IO,DataType
ChainedVectors,tanmaykm,File IO,DataType
Codecs,BioJulia,File IO,DataType
CustomUnitRanges,JuliaArrays,File IO,DataType
DanaTypes,DANA-Laboratory,File IO,DataType
DictViews,daviddelaat,File IO,DataType
DotPlusInheritance,DANA-Laboratory,File IO,DataType
FixedPointNumbers,JuliaMath,File IO,DataType
FixedSizeStrings,JuliaComputing,File IO,DataType
Format,JuliaString,File IO,DataType
Formatting,JuliaIO,File IO,DataType
FreeTypeAbstraction,JuliaGraphics,File IO,DataType
FunctionalData,rened,File IO,DataType
ImagineFormat,timholy,File IO,DataType
jenks,scw,File IO,DataType
LaTeXStrings,stevengj,File IO,DataType
LHEF,Keno,File IO,DataType
MonkeyString,malmaud,File IO,DataType
MPFI,andrioni,File IO,DataType
MutableStrings,tanmaykm,File IO,DataType
MUtils,amitmurthy,File IO,DataType
Netpbm,JuliaIO,File IO,DataType
Parsers,JuliaData,File IO,DataType
ResultTypes,iamed2,File IO,DataType
ReTerms,dmbates,File IO,DataType
Ratios,timholy,File IO,DataType
RDF,JuliaPackageMirrors,File IO,DataType
Scalar,sabjohnso,File IO,DataType
Sexpr,vshesh,File IO,DataType
ShortStrings,xiaodaigh,File IO,DataType
SimpleStructs,pluskid,File IO,DataType
StringDistances,matthieugomez,File IO,DataType
StringLiterals,JuliaString,File IO,DataType
StringUtils,ScottPJones,File IO,DataType
TexExtensions,Keno,File IO,DataType
TypeSortedCollections,tkoolen,File IO,DataType
Units,timholy,File IO,DataType
Unitful,PainterQubits,File IO,DataType
VersionParsing,stevengj,File IO,DataType
WeakRefStrings,JuliaData,File IO,DataType
YAML,BioJulia,File IO,DataType
DictWrappers,iamed2,File IO,
EMLTranslator,DANA-Laboratory,File IO,
ExtractMacro,carlobaldassi,File IO,
Modifyfield,StephenVavasis,File IO,
ArbDecimals,JuliaArbTypes,File IO,Type Parameters
ArbFloats,JuliaArbTypes,File IO,Type Parameters
AutoTypeParameters,andrewcooke,File IO,Type Parameters
FileIO2,ma-laforge,File IO,Type Parameters
FreeType,JuliaGraphics,File IO,Type Parameters
FixedSizeDictionaries,SimonDanisch,File IO,Type Parameters
Parameters,mauro3,File IO,Type Parameters
StringInterpolation,EricForgy,File IO,Type Parameters
Strings,quinnj,File IO,Type Parameters
Traits,mauro3,File IO,Type Parameters
TupleTypes,mbauman,File IO,Type Parameters
TypeCheck,astrieanna,File IO,Type Parameters
Typeclass,jasonmorton,File IO,Type Parameters
TypedDelegation,JeffreySarnoff,File IO,Type Parameters
TypeGraph,johnmyleswhite,File IO,Type Parameters
TypeTree,johnmyleswhite,File IO,Type Parameters
ConfParser,JuliaIO,File IO,
ExcelReaders,queryverse,File IO,
JuliaReport,mpastell,File IO,
Taro,aviks,File IO,
Expr2LaTeX,oxinabox,File IO,
LaTeX,rened,File IO,
Latexify,korsbo,File IO,
LatexPrint,scheinerman,File IO,
LaTeXStrings,stevengj,File IO,
LaTeXTools,jgoldfar,File IO,
Judo,dcjones,File IO,
HelpTestbed,tshort,File IO,
Publish,dressel,File IO,
Report,sveme,File IO,
VerTeX,chakravala,File IO,
FileIO,JuliaIO,File IO,
MapD,r3tex,File IO,
SerialPorts,JuliaIO,File IO,
StructIO,Keno,File IO,
ULID,ararslan,File IO,
AndorSIF,JuliaIO,File IO,Image Formats
DICOM,JuliaIO,File IO,Image Formats
FITSIO,JuliaAstro,File IO,Image Formats
ImageMagick,JuliaIO,File IO,Image Formats
NIfTI,JuliaIO,File IO,Image Formats
NRRD,JuliaIO,File IO,Image Formats
Netpbm,JuliaIO,File IO,Image Formats
QuartzImageIO,JuliaIO,File IO,Image Formats
TIFF,rephorm,File IO,Image Formats
VideoIO,JuliaIO,File IO,Image Formats
FIGlet,kdheepak,Graphics,
AAM,dfdx,Graphics,Graphics
Bezier,dronir,Graphics,Graphics
Blending,dejakaymac,Graphics,Graphics
Ccv,dhotson,Graphics,Graphics
Click,Matt5sean3,Graphics,Graphics
ColorBrewer,timothyrenner,Graphics,Graphics
Contour,JuliaGeometry,Graphics,Graphics
Curvelet,fundamental,Graphics,Graphics
CVCore,JuliaOpenCV,Graphics,Graphics
CVImgCodecs,JuliaOpenCV,Graphics,Graphics
CVImgProc,JuliaOpenCV,Graphics,Graphics
CVHighGUI,JuliaOpenCV,Graphics,Graphics
CVVideoIO,JuliaOpenCV,Graphics,Graphics
DelayedBuffer,jfsantos,Graphics,Graphics
DevIL,JuliaGL,Graphics,Graphics
DrakeVisualizer,rdeits,Graphics,Graphics
Draw3D,ssfrr,Graphics,Graphics
Drawing,andrewcooke,Graphics,Graphics
Fontconfig,JuliaGraphics,Graphics,Graphics
Ganja,chakravala,Graphics,Graphics
GLAbstraction,JuliaGL,Graphics,Graphics
GR,jheinen,Graphics,Graphics
HalideCall,timholy,Graphics,Graphics
ImageProjectiveGeometry,peterkovesi,Graphics,Graphics
ImageQuilting,JuliaEarth,Graphics,Graphics
Images,JuliaImages,Graphics,Graphics
ImageSegmentation,JuliaImages,Graphics,Graphics
ImageView,JuliaImages,Graphics,Graphics
ImplicitEquations,jverzani,Graphics,Graphics
Konthe,meggart,Graphics,Graphics
LatticeVis,ffreyer,Graphics,Graphics
Layout,timholy,Graphics,Graphics
LeafAreaIndex,ETC-UA,Graphics,Graphics
LibOpenCV,JuliaOpenCV,Graphics,Graphics
LineExtraction,remusao,Graphics,Graphics
Luxor,JuliaGraphics,Graphics,Graphics
LuxRay,SimonDanisch,Graphics,Graphics
MeshSlicer,sjkelly,Graphics,Graphics
MeshIO,JuliaIO,Graphics,Graphics
ModernGL,JuliaGL,Graphics,Graphics
NetworkViz,abhijithanilkumar,Graphics,Graphics
NRRD,JuliaIO,Graphics,Graphics
OCV,Keno,Graphics,Graphics
OpenCV,maxruby,Graphics,Graphics
OpenGL,rennis250,Graphics,Graphics
Painter,andferrari,Graphics,Graphics
PerceptualColourMaps,peterkovesi,Graphics,Graphics
PGFPlotsX,KristofferC,Graphics,Graphics
Reel,shashi,Graphics,Graphics
ROMEO,korbinian90,Graphics,Graphics
Rsvg,lobingera,Graphics,Graphics
SchroedingersSmoke,SimonDanisch,Graphics,Graphics
SimpleDirectMediaLayer,jonathanBieler,Graphics,Graphics
seg2seg,intdxdt,Graphics,Graphics
ShaderToy,SimonDanisch,Graphics,Graphics
ShapeModels,rened,Graphics,Graphics
SixelGraphics,olofsen,Graphics,Graphics
Skia,dcjones,Graphics,Graphics
TestImages,JuliaImages,Graphics,Graphics
ThreeJS,rohitvarkey,Graphics,Graphics
TIFF,rephorm,Graphics,Graphics
VideoIO,JuliaIO,Graphics,Graphics
VisualRegressionTests,JuliaPlots,Graphics,Graphics
VLFeat,IHPostal,Graphics,Graphics
WavefrontObj,JuliaIO,Graphics,Graphics
ImagesCore,JuliaImages,Graphics,
Smile,sisl,Graphics,
TikzGraphs,JuliaTeX,Graphics,
TikzPictures,JuliaTeX,Graphics,
ConstructiveSolidGeometry,jtramm,Graphics,
ImageCL,JuliaImages,Graphics,
ImageFeatures,JuliaImages,Graphics,
ArcadeLearningEnvironment,JuliaReinforcementLearning,Graphics,
AtariAlgos,JuliaML,Graphics,
eve,barcharcraz,Graphics,
Quake2,jayschwa,Graphics,
SFML,zyedidia,Graphics,
SpaceShooter,zyedidia,Graphics,
AnimatedPlots,zyedidia,Graphics,Infographics
AverageShiftedHistograms,joshday,Graphics,Infographics
BBVis,joehuchette,Graphics,Infographics
BlenderPlot,wookay,Graphics,Infographics
Cairo,JuliaGraphics,Graphics,Infographics
CData,ma-laforge,Graphics,Infographics
ColorTypes,JuliaGraphics,Graphics,Infographics
ColorVectorSpace,JuliaGraphics,Graphics,Infographics
ComposeVideo,arnim,Graphics,Infographics
DataVoyager,queryverse,Graphics,Infographics
DC,tawheeler,Graphics,Infographics
Displaz,c42f,Graphics,Infographics
GainPatterns,dressel,Graphics,Infographics
GainPatternsTex,dressel,Graphics,Infographics
GL,jayschwa,Graphics,Infographics
GLAbstraction,JuliaGL,Graphics,Infographics
GracePlot,ma-laforge,Graphics,Infographics
GraphCentrality,sbromberger,Graphics,Infographics
GraphPlot,JuliaGraphs,Graphics,Infographics
GraphVisualize,JuliaGraphs,Graphics,Infographics
GraphViz,Keno,Graphics,Infographics
Healpix,ziotom78,Graphics,Infographics
Histograms,jpata,Graphics,Infographics
Immerse,JuliaGraphics,Graphics,Infographics
Lumira,sbcd90,Graphics,Infographics
MinMaxFilter,codles,Graphics,Infographics
Plots,JuliaPlots,Graphics,Infographics
PlotRecipes,JuliaPlots,Graphics,Infographics
PlotThemes,JuliaPlots,Graphics,Infographics
RasterIO,wkearn,Graphics,Infographics
RecipesBase,JuliaPlots,Graphics,Infographics
VennDiagrams,binarybana,Graphics,Infographics
VennEuler,HarlanH,Graphics,Infographics
VGPlot,johnmyleswhite,Graphics,Infographics
VTK,timholy,Graphics,Infographics
Bokeh,bokeh,Graphics,Graphical Plotting
CMPlot,g-insana,Graphics,Graphical Plotting
FalseColor,ojwoodford,Graphics,Graphical Plotting
Gaston,mbaz,Graphics,Graphical Plotting
GLPlot,SimonDanisch,Graphics,Graphical Plotting
GLFW,JuliaGL,Graphics,Graphical Plotting
GLVisualize,JuliaGL,Graphics,Graphical Plotting
GMT,GenericMappingTools,Graphics,Graphical Plotting
GoogleCharts,jverzani,Graphics,Graphical Plotting
PGFPlots,JuliaTeX,Graphics,Graphical Plotting
Plotly,plotly,Graphics,Graphical Plotting
PlotlyBase,sglyon,Graphics,Graphical Plotting
PlotRecipes,JuliaPlots,Graphics,Graphical Plotting
PlotUtils,JuliaPlots,Graphics,Graphical Plotting
PLplot,wildart,Graphics,Graphical Plotting
PyPlot,JuliaPy,Graphics,Graphical Plotting
Qwt,tbreloff,Graphics,Graphical Plotting
RecipesBase,JuliaPlots,Graphics,Graphical Plotting
Sparrow,rennis250,Graphics,Graphical Plotting
StatPlots,JuliaPlots,Graphics,Graphical Plotting
Vega,queryverse,Graphics,Graphical Plotting
VegaLite,queryverse,Graphics,Graphical Plotting
Visualizer,grero,Graphics,Graphical Plotting
Vulkan,JuliaGPU,Graphics,Graphical Plotting
Winston,JuliaGraphics,Graphics,Graphical Plotting
YT,jzuhone,Graphics,Graphical Plotting
ASCIIPlots,johnmyleswhite,Graphics,
ImageTerm,meggart,Graphics,
Makie,JuliaPlots,Graphics,
Sparklines,mbauman,Graphics,
TextPlots,sunetos,Graphics,
UnicodePlots,Evizero,Graphics,
GeometricalPredicates,JuliaGeometry,Mathematics,Computational Geometry
GeometryTypes,JuliaGeometry,Mathematics,Computational Geometry
Meshes,JuliaGeometry,Mathematics,Computational Geometry
OctTrees,JuliaGeometry,Mathematics,Computational Geometry
Orthotopes,JuliaGeometry,Mathematics,Computational Geometry
TetGen,JuliaGeometry,Mathematics,Computational Geometry
TriangleIntersect,JuliaGeometry,Mathematics,Computational Geometry
VoronoiCells,JuliaGeometry,Mathematics,Computational Geometry
VoronoiDelaunay,JuliaGeometry,Mathematics,Computational Geometry
Alazar,ajkeller34,API,API
MicrochipRTDM,cstook,API,API
DIDebug,Keno,Machines,
FastFieldSolversHelper,MichaelHatherly,Machines,
Vectorize,rprechelt,Machines,
ZenFab,FactoryOS,Machines,
FTD2XX,cstook,Machines,
RdRand,SamChill,Machines,
NIDAQ,JaneliaSciComp,Machines,
Instruments,BBN-Q,Machines,
VISA,ajkeller34,Machines,
AudioIO,ssfrr,Machines,Audio-Video
AV,kmsquire,Machines,Audio-Video
Bebop,zhemao,Machines,Audio-Video
FLAC,JuliaIO,Machines,Audio-Video
LibSndFile,JuliaAudio,Machines,Audio-Video
MP3,JuliaAudio,Machines,Audio-Video
Nextion,scls19fr,Machines,Audio-Video
Opus,staticfloat,Machines,Audio-Video
OSC,fundamental,Machines,Audio-Video
PortAudio,ssfrr,Machines,Audio-Video
Radio,JayKickliter,Machines,Audio-Video
Rasim,maemre,Machines,Audio-Video
RingBuffers,JuliaAudio,Machines,Audio-Video
SampledSignals,JuliaAudio,Machines,Audio-Video
SampleTypes,JuliaAudio,Machines,Audio-Video
Sound,JuliaLang,Machines,Audio-Video
Tablo,dmbates,Machines,Audio-Video
MakiBot,SimonDanisch,Machines,
Q,enlnt,Machines,
Devices,ajkeller34,Machines,
Gcode,sjkelly,Machines,
LTspice,cstook,Machines,
TinyG,sjkelly,Machines,
Arduino,ihnorton,Machines,
PiGPIO,JuliaBerry,Machines,
FPTControl,krisztiankosi,Machines,
MotionCaptureJointCalibration,JuliaRobotics,Machines,
RigidBodyDynamics,JuliaRobotics,Machines,
Robotics,cdsousa,Machines,
RobotOS,jdlangs,Machines,
Taste,jiahao,Machines,
BlockCipherSelfStudy,andrewcooke,Mathematics,Cryptography
Crypto,danielsuo,Mathematics,Cryptography
FNVHash,samoconnor,Mathematics,Cryptography
Hashlib,samgre,Mathematics,Cryptography
MbedTLS,JuliaLang,Mathematics,Cryptography
MD5,oxinabox,Mathematics,Cryptography
Nettle,staticfloat,Mathematics,Cryptography
OpenSSL,dirk,Mathematics,Cryptography
OpenSSLCrypto,amitmurthy,Mathematics,Cryptography
RNGTest,andreasnoack,Mathematics,Cryptography
SHA,staticfloat,Mathematics,Cryptography
Sha256,mad4alcohol,Mathematics,Cryptography
Stupid,andrewcooke,Mathematics,Cryptography
ToyFHE,JuliaComputing,Mathematics,Cryptography
VML,JuliaMath,Mathematics,Cryptography
VSL,sunoru,Mathematics,Cryptography
Coin,danielsuo,Mathematics,
ApApproximation,dprn,Mathematics,Math
BasisFunctions,daanhb,Mathematics,Math
Bijections,scheinerman,Mathematics,Math
Cartesian,timholy,Mathematics,Math
CRF,slyrz,Mathematics,Math
CellularAutomata,natj,Mathematics,Math
ContinuedFractions,johnmyleswhite,Mathematics,Math
Devectorize,lindahua,Mathematics,Math
Entropy,grero,Mathematics,Math
EntropicCone,blegat,Mathematics,Math
Equations,jhlq,Mathematics,Math
ExtremeValueDistributions,sammorris81,Mathematics,Math
FastGauss,ajt60gaibb,Mathematics,Math
FloorLayout,joehuchette,Mathematics,Math
FrameFuns,daanhb,Mathematics,Math
GSL,JuliaMath,Mathematics,Math
Hecke,thofma,Mathematics,Math
Hexagons,GiovineItalia,Mathematics,Math
MTH229,mth229,Mathematics,Math
MathToolkit,baruchel,Mathematics,Math
Measurements,JuliaPhysics,Mathematics,Math
Measures,JuliaGraphics,Mathematics,Math
MPFR,andrioni,Mathematics,Math
Multicombinations,jlep,Mathematics,Math
NaNMath,mlubin,Mathematics,Math
NLreg,dmbates,Mathematics,Math
NLsolve,JuliaNLSolvers,Mathematics,Math
nrmm,juho-lee,Mathematics,Math
OEIS,MurrayT,Mathematics,Math
OpenSpecFun,ararslan,Mathematics,Math
Quat,forio,Mathematics,Math
quaternion,peakbook,Mathematics,Math
Shannon,kzahedi,Mathematics,Math
SimilarityMetrics,johnmyleswhite,Mathematics,Math
SymPy,JuliaPy,Mathematics,Math
TSne,lejon,Mathematics,Math
TwoBasedIndexing,simonster,Mathematics,Math
Uncertain,rephorm,Mathematics,Math
univariate_opt,matthewclegg,Mathematics,Math
Unums,tbreloff,Mathematics,Math
UnumTests,goedman,Mathematics,Math
Calc,tshort,Mathematics,
DeepConvert,jlapeyre,Mathematics,
ErrorfreeArithmetic,JeffreySarnoff,Mathematics,
ArbFloats,JuliaArbTypes,Mathematics,Floating Point
ArbIntervals,Jeffrey-Sarnoff,Mathematics,Floating Point
BFloat16s,JuliaComputing,Mathematics,Floating Point
DecFP,JuliaMath,Mathematics,Floating Point
Decimals,JuliaMath,Mathematics,Floating Point
DoubDouble,J-Sarnoff,Mathematics,Floating Point
DoubleDouble,simonbyrne,Mathematics,Floating Point
ErrorFreeTransforms,dsiem,Mathematics,Floating Point
FastRounding,JeffreySarnoff,Mathematics,Floating Point
FlexFloat,J-Sarnoff,Mathematics,Floating Point
FloatFloats,Jeffrey-Sarnoff,Mathematics,Floating Point
Floats512,J-Sarnoff,Mathematics,Floating Point
Floats1024,J-Sarnoff,Mathematics,Floating Point
FloatHigher,J-Sarnoff,Mathematics,Floating Point
HigherPrecision,saschatimme,Mathematics,Floating Point
IEEEFloat16,vchuravy,Mathematics,Floating Point
Ryu,quinnj,Mathematics,Floating Point
UnumX,JuliaComputing,Mathematics,Floating Point
ValidatedNumerics,JuliaIntervals,Mathematics,Floating Point
Mimi,mimiframework,Mathematics,
OptiMimi,jrising,Mathematics,
AMVW,andreasnoackjensen,Mathematics,Algebra
Clockwork,malmaud,Mathematics,Algebra
Cuhre,tflovorn,Mathematics,Algebra
Digits,greenflash1357,Mathematics,Algebra
FirstOrderLogic,TotalVerb,Mathematics,Algebra
Juniper,lanl-ansi,Mathematics,Algebra
Lifts,scheinerman,Mathematics,Algebra
Mods,scheinerman,Mathematics,Algebra
OrderedCollections,JuliaCollections,Mathematics,Algebra
PolynomialRoots,giordano,Mathematics,Algebra
QNaN,J-Sarnoff,Mathematics,Algebra
Remez,simonbyrne,Mathematics,Algebra
SemiringAlgebra,ViralBShah,Mathematics,Algebra
BitCircuits,um-tech-evolution,Mathematics,
ShowSet,scheinerman,Mathematics,
NamedTuples,JuliaData,Mathematics,
ApproXD,floswald,Mathematics,Numerical Analysis
AMD,JuliaSmoothOptimizers,Mathematics,Numerical Analysis
Dopri,helgee,Mathematics,Numerical Analysis
Dualization,JuliaOpt,Mathematics,Numerical Analysis
EiSCor,andreasnoack,Mathematics,Numerical Analysis
Expokit,acroy,Mathematics,Numerical Analysis
FastGaussQuadrature,JuliaApproximation,Mathematics,Numerical Analysis
FastTransforms,JuliaApproximation,Mathematics,Numerical Analysis
Grid,timholy,Mathematics,Numerical Analysis
GridInterpolations,sisl,Mathematics,Numerical Analysis
InplaceOps,simonbyrne,Mathematics,Numerical Analysis
Interpolations,JuliaMath,Mathematics,Numerical Analysis
LinearExpressions,cdsousa,Mathematics,Numerical Analysis
LowRankApprox,JuliaMatrices,Mathematics,Numerical Analysis
RandomMatrices,JuliaMath,Mathematics,Numerical Analysis
KNITRO,JuliaOpt,Mathematics,Numerical Analysis
LinearMaps,Jutho,Mathematics,Numerical Analysis
PiecewiseInterpolation,gwater,Mathematics,Numerical Analysis
Simplices,kahaaga,Mathematics,Numerical Analysis
Sobol,stevengj,Mathematics,Numerical Analysis
SortedVectors,tpapp,Mathematics,Numerical Analysis
DirectSum,chakravala,Mathematics,Linear Algebra
Divergences,gragusa,Mathematics,Linear Algebra
OpenCLBLAS,mikhail-j,Mathematics,Linear Algebra
SugarBLAS,lopezm94,Mathematics,Linear Algebra
CUSPARSE,kshyatt,Mathematics,Linear Algebra
CUSOLVER,kshyatt,Mathematics,Linear Algebra
Hypre,jgoldfar,Mathematics,Linear Algebra
IDRsSolver,mschauer,Mathematics,Linear Algebra
Krylov,JuliaSmoothOptimizers,Mathematics,Linear Algebra
KrylovSolvers,cfbaptista,Mathematics,Linear Algebra
LinearAlgebra,andreasnoack,Mathematics,Linear Algebra
LinearMaps,Jutho,Mathematics,Linear Algebra
LDA,remusao,Mathematics,Linear Algebra
LLLplus,christianpeel,Mathematics,Linear Algebra
LMCLUS,wildart,Mathematics,Linear Algebra
MKL,JuliaComputing,Mathematics,Linear Algebra
MUMPS1,dmbates,Mathematics,Linear Algebra
PolarFa,weijianzhang,Mathematics,Linear Algebra
SALT,xdavidliu,Mathematics,Linear Algebra
SuperLU,dmbates,Mathematics,Linear Algebra
ArrayIteration,timholy,Mathematics,Matrix Theory
ArrayMeta,shashi,Mathematics,Matrix Theory
ArrayViews,JuliaArrays,Mathematics,Matrix Theory
ArrayViewsAPL,timholy,Mathematics,Matrix Theory
AxisAlgorithms,timholy,Mathematics,Matrix Theory
AxisArrays,JuliaArrays,Mathematics,Matrix Theory
BandedMatrices,JuliaMatrices,Mathematics,Matrix Theory
CatIndices,JuliaArrays,Mathematics,Matrix Theory
CategoricalArrays,JuliaData,Mathematics,Matrix Theory
ChunkedArrays,ChrisRackauckas,Mathematics,Matrix Theory
ConvolutionTools,gwater,Mathematics,Matrix Theory
EndpointRanges,JuliaArrays,Mathematics,Matrix Theory
FArrayMod,alsam,Mathematics,Matrix Theory
HMat,YingzhouLi,Mathematics,Matrix Theory
ImmutableArrays,twadleigh,Mathematics,Matrix Theory
IndexedArrays,garrison,Mathematics,Matrix Theory
IndirectArrays,JuliaArrays,Mathematics,Matrix Theory
InfiniteArrays,JuliaArrays,Mathematics,Matrix Theory
InplaceOps,simonbyrne,Mathematics,Matrix Theory
JudyDicts,tanmaykm,Mathematics,Matrix Theory
Kronecker,MichielStock,Mathematics,Matrix Theory
KSVD,IshitaTakeshi,Mathematics,Matrix Theory
LargeColumns,tpapp,Mathematics,Matrix Theory
LazyArrays,JuliaArrays,Mathematics,Matrix Theory
MappedArrays,JuliaArrays,Mathematics,Matrix Theory
MatrixDepot,JuliaMatrices,Mathematics,Matrix Theory
NamedArrays,davidavdav,Mathematics,Matrix Theory
NamedAxesArrays,timholy,Mathematics,Matrix Theory
NamedTuples,JuliaData,Mathematics,Matrix Theory
NonuniformArray,ReidAtcheson,Mathematics,Matrix Theory
PaddedViews,JuliaArrays,Mathematics,Matrix Theory
Pseudospectra,RalphAS,Mathematics,Matrix Theory
QuasiArrays,JuliaApproximation,Mathematics,Matrix Theory
RandomBandedMatrices,dlfivefifty,Mathematics,Matrix Theory
Ranges,JuliaArrays,Mathematics,Matrix Theory
RangeArrays,JuliaArrays,Mathematics,Matrix Theory
RecursiveArrayTools,JuliaDiffEq,Mathematics,Matrix Theory
RingArrays,invenia,Mathematics,Matrix Theory
Rotations,JuliaGeometry,Mathematics,Matrix Theory
ShiftedArrays,piever,Mathematics,Matrix Theory
Showoff,JuliaGraphics,Mathematics,Matrix Theory
StructArrays,JuliaArrays,Mathematics,Matrix Theory
StructsOfArrays,simonster,Mathematics,Matrix Theory
SoArrays,simonster,Mathematics,Matrix Theory
StaticArrays,JuliaArrays,Mathematics,Matrix Theory
SuffixArrays,JuliaCollections,Mathematics,Matrix Theory
SymDict,samoconnor,Mathematics,Matrix Theory
TimeArrays,milktrader,Mathematics,Matrix Theory
WoodburyMatrices,timholy,Mathematics,Matrix Theory
CSparse,dmbates,Mathematics,Sparse Matrices
HarwellRutherfordBoeing,JuliaSparse,Mathematics,Sparse Matrices
JSparse,dmbates,Mathematics,Sparse Matrices
MatrixMarket,JuliaSparse,Mathematics,Sparse Matrices
Meshpart,JuliaSparse,Mathematics,Sparse Matrices
Metis,JuliaSparse,Mathematics,Sparse Matrices
MKLSparse,JuliaSparse,Mathematics,Sparse Matrices
Multifrontal,weijianzhang,Mathematics,Sparse Matrices
MultiFrontalCholesky,JuliaSparse,Mathematics,Sparse Matrices
MUMPS,JuliaSmoothOptimizers,Mathematics,Sparse Matrices
MUMPSseq,JuliaSparse,Mathematics,Sparse Matrices
ParallelSparseMatMul,madeleineudell,Mathematics,Sparse Matrices
Pardiso,JuliaSparse,Mathematics,Sparse Matrices
PETSc,stevengj,Mathematics,Sparse Matrices
SparseData,lindahua,Mathematics,Sparse Matrices
SparseFactorModels,matthieugomez,Mathematics,Sparse Matrices
SparseGrids,robertdj,Mathematics,Sparse Matrices
SparseVectors,JuliaSparse,Mathematics,Sparse Matrices
SparseVectorMatrix,pranavtbhat,Mathematics,Sparse Matrices
WSMP,JuliaSparse,Mathematics,Sparse Matrices
Accelereval,lindahua,Mathematics,Numerical Linear Algebra
BSplines,sostock,Mathematics,Numerical Linear Algebra
Cuba,giordano,Mathematics,Numerical Linear Algebra
Elemental,JuliaParallel,Mathematics,Numerical Linear Algebra
FEMBasis,JuliaFEM,Mathematics,Numerical Linear Algebra
IncrementalSVD,aaw,Mathematics,Numerical Linear Algebra
InteriorPoint,IainNZ,Mathematics,Numerical Linear Algebra
IterativeLinearSolvers,andreasnoackjensen,Mathematics,Numerical Linear Algebra
IterativeSolvers,JuliaMath,Mathematics,Numerical Linear Algebra
JuliaFEM,JuliaFEM,Mathematics,Numerical Linear Algebra
MiniBall,JuliaFEM,Mathematics,Numerical Linear Algebra
NumericalShadow,pgawron,Mathematics,Numerical Linear Algebra
NumericExtensions,lindahua,Mathematics,Numerical Linear Algebra
NumericFuns,lindahua,Mathematics,Numerical Linear Algebra
NumericFunctors,lindahua,Mathematics,Numerical Linear Algebra
ParallelLinalg,intirb,Mathematics,Numerical Linear Algebra
RK4,ntezak,Mathematics,Numerical Linear Algebra
RungeKuttaFehlberg,gwater,Mathematics,Numerical Linear Algebra
SpecialMatrices,JuliaMatrices,Mathematics,Numerical Linear Algebra
TaylorModels,JuliaIntervals,Mathematics,Numerical Linear Algebra
TetGen,JuliaGeometry,Mathematics,Numerical Linear Algebra
ToeplitzMatrices,JuliaMatrices,Mathematics,Numerical Linear Algebra
CoordinateSplittingPTrees,timholy,Mathematics,Polynomials
FixedPolynomials,JuliaAlgebra,Mathematics,Polynomials
InterPol,pwl,Mathematics,Polynomials
Jacobi,pjabardo,Mathematics,Polynomials
MultiPoly,daviddelaat,Mathematics,Polynomials
Orthopolys,daviddelaat,Mathematics,Polynomials
Polynomial,vtjnash,Mathematics,Polynomials
Remez,simonbyrne,Mathematics,Polynomials
SemialgebraicSets,JuliaAlgebra,Mathematics,Polynomials
TempInterp,cc7768,Mathematics,Polynomials
Reduce,chakravala,Mathematics,
Symata,jlapeyre,Mathematics,
Symbolic,scidom,Mathematics,
SymEngine,symengine,Mathematics,
AppleAccelerate,JuliaMath,Mathematics,Applied Math
Calculus,JuliaMath,Mathematics,Applied Math
Cuba,giordano,Mathematics,Applied Math
Cubature,stevengj,Mathematics,Applied Math
Einsum,ahwillia,Mathematics,Applied Math
FastPolynomials,Jeffrey-Sarnoff,Mathematics,Applied Math
HemirealFactorization,timholy,Mathematics,Applied Math
HemirealNumbers,timholy,Mathematics,Applied Math
IFastSum,J-Sarnoff,Mathematics,Applied Math
Leibniz,chakravala,Mathematics,Applied Math
MINE,zhmz90,Mathematics,Applied Math
Options,JuliaLang,Mathematics,Applied Math
PowerSeries,jwmerrill,Mathematics,Applied Math
PolyMath,cfbaptista,Mathematics,Applied Math
ReverseDiffOverload,LaurenceA,Mathematics,Applied Math
ReverseDiffSparse,mlubin,Mathematics,Applied Math
ReverseDiffSparse2,mlubin,Mathematics,Applied Math
ReverseDiffTape,fqiang,Mathematics,Applied Math
RiemannComplexNumbers,scheinerman,Mathematics,Applied Math
Roots,JuliaMath,Mathematics,Applied Math
TaylorSeries,JuliaDiff,Mathematics,Applied Math
APES,codles,Mathematics,DSP
ChaosCommunications,scidom,Mathematics,DSP
DSP,JuliaDSP,Mathematics,DSP
Estimation,JuliaDSP,Mathematics,DSP
Fdtd,nantonel,Mathematics,DSP
KDSP,kofron,Mathematics,DSP
KernelRecursiveLeastSquares,the-moliver,Mathematics,DSP
MDCT,stevengj,Mathematics,DSP
Multirate,JayKickliter,Mathematics,DSP
RIM,nantonel,Mathematics,DSP
WDSP,pjabardo,Mathematics,DSP
CLFFT,JuliaGPU,Mathematics,
CUFFT,JuliaGPU,Mathematics,
FFTViews,JuliaArrays,Mathematics,
HexFFT,gwater,Mathematics,
NFFT,tknopp,Mathematics,
SnFFT,GDPlumb,Mathematics,
ApproxFun,JuliaApproximation,Mathematics,
BasisFunctions,daanhb,Mathematics,
Elliptic,nolta,Mathematics,
FastAnonymous,timholy,Mathematics,
ChainRulesCore,JuliaDiff,Mathematics,
DualNumbers,JuliaDiff,Mathematics,
ForwardDiff,JuliaDiff,Mathematics,
HyperDualNumbers,JuliaDiff,Mathematics,
ReverseDiffSource,JuliaDiff,Mathematics,
DifferentialEquations,JuliaDiffEq,Mathematics,General Differential Equations
DiffEqSensitivity,JuliaDiffEq,Mathematics,General Differential Equations
DynamicalSystems,JuliaDynamics,Mathematics,General Differential Equations
HPFEM,pjabardo,Mathematics,General Differential Equations
JFinEALE,PetrKryslUCSD,Mathematics,General Differential Equations
Makhno,pjabardo,Mathematics,General Differential Equations
MovcolN,pwl,Mathematics,General Differential Equations
RiemannHilbert,JuliaHolomorphic,Mathematics,General Differential Equations
SingularIntegralEquations,JuliaApproximation,Mathematics,General Differential Equations
Sundials,JuliaDiffEq,Mathematics,General Differential Equations
WiltonInts84,krcools,Mathematics,General Differential Equations
FinealeBook,goedman,Mathematics,
LambertW,jlapeyre,Mathematics,
Struve,gwater,Mathematics,
Complementarity,chkwon,Mathematics,
Fatou,chakravala,Mathematics,
PATHSolver,chkwon,Mathematics,
Wilkinson,chakravala,Mathematics,
BitIntegers,rfourquet,Mathematics,Discrete Math
ClosedIntervals,scheinerman,Mathematics,Discrete Math
DiscreteInference,lindahua,Mathematics,Discrete Math
Intervals,invenia,Mathematics,Discrete Math
IntModN,andrewcooke,Mathematics,Discrete Math
IntsWithInfinty,Jeffrey-Sarnoff,Mathematics,Discrete Math
IPPMath,lindahua,Mathematics,Discrete Math
PermPlain,jlapeyre,Mathematics,Discrete Math
PrimeSieve,jlapeyre,Mathematics,Discrete Math
RomanNumerals,anthonyclays,Mathematics,Discrete Math
Shannon,kzahedi,Mathematics,Discrete Math
SimplePosets,scheinerman,Mathematics,Discrete Math
ZChop,jlapeyre,Mathematics,Discrete Math
Catalan,andrioni,Mathematics,
Dendriform,chakravala,Mathematics,
AbstractTrees,JuliaCollections,Mathematics,Graph Theory
Arrowhead,ivanslapnicar,Mathematics,Graph Theory
BGraph,adolgert,Mathematics,Graph Theory
BlockArrays,JuliaArrays,Mathematics,Graph Theory
bloom,boydgreenfield,Mathematics,Graph Theory
Blox,tbreloff,Mathematics,Graph Theory
Brim,PoisotLab,Mathematics,Graph Theory
CompressedStacks,Azzaare,Mathematics,Graph Theory
ContinuumArrays,JuliaApproximation,Mathematics,Graph Theory
DeepReshapes,lmshk,Mathematics,Graph Theory
EvolvingGraphs,EtymoIO,Mathematics,Graph Theory
FingerTrees,mschauer,Mathematics,Graph Theory
Flow,MikeInnes,Mathematics,Graph Theory
FunctionalCollections,JuliaCollections,Mathematics,Graph Theory
Graphs,JuliaAttic,Mathematics,Graph Theory
GraphDataFrameBridge,JuliaGraphs,Mathematics,Graph Theory
GraphLayout,IainNZ,Mathematics,Graph Theory
GraphicalModels,johnmyleswhite,Mathematics,Graph Theory
InfoTheory,robertfeldt,Mathematics,Graph Theory
InvariantEnsembles,dlfivefifty,Mathematics,Graph Theory
L1DecisionTree,neggert,Mathematics,Graph Theory
LiftedHierarchies,joehuchette,Mathematics,Graph Theory
LightGraphs,JuliaGraphs,Mathematics,Graph Theory
Lists,adolgert,Mathematics,Graph Theory
LSH,Keno,Mathematics,Graph Theory
MatrixNetworks,nassarhuda,Mathematics,Graph Theory
MinimalPerfectHashes,soundcloud,Mathematics,Graph Theory
Named,HarlanH,Mathematics,Graph Theory
Networks,daviddelaat,Mathematics,Graph Theory
OffsetArrays,JuliaArrays,Mathematics,Graph Theory
Graft,pranavtbhat,Mathematics,Graph Theory
PDMats,JuliaStats,Mathematics,Graph Theory
PositiveFactorizations,timholy,Mathematics,Graph Theory
PropertyGraph,PhillP,Mathematics,Graph Theory
PropertyGraphMongo,PhillP,Mathematics,Graph Theory
QuickStructs,tbreloff,Mathematics,Graph Theory
RandomForestBehaviors,tawheeler,Mathematics,Graph Theory
RedBlackTrees,pygy,Mathematics,Graph Theory
RepresentationTheory,dlfivefifty,Mathematics,Graph Theory
RingBuffer,kmsquire,Mathematics,Graph Theory
RobustShortestPath,chkwon,Mathematics,Graph Theory
Seep,mit-ll,Mathematics,Graph Theory
Series,milktrader,Mathematics,Graph Theory
SFrames,malmaud,Mathematics,Graph Theory
SimpleGraphs,scheinerman,Mathematics,Graph Theory
Sims,tshort,Mathematics,Graph Theory
SpatialGraphs,sawcordwell,Mathematics,Graph Theory
SumTrees,iamed2,Mathematics,Graph Theory
Trie,JuliaLang,Mathematics,Graph Theory
TSPSubgradient,whilo,Mathematics,Graph Theory
XGBoost,dmlc,Mathematics,Graph Theory
AbstractTensors,chakravala,Mathematics,Geometry
AffineSpaces,anj1,Mathematics,Geometry
AffineTransforms,timholy,Mathematics,Geometry
D4,khwilson,Mathematics,Geometry
GeoAlg,andrioni,Mathematics,Geometry
Geometry2D,mroughan,Mathematics,Geometry
Grassmann,chakravala,Mathematics,Geometry
mbr,intdxdt,Mathematics,Geometry
Tau,JuliaMath,Mathematics,Geometry
Tensors,KristofferC,Mathematics,Geometry
TensorOperations,Jutho,Mathematics,Geometry
CSoM,goedman,Mathematics,Algebraic Geometry
EllipticCurves,wwilson,Mathematics,Algebraic Geometry
khypot,intdxdt,Mathematics,Algebraic Geometry
FEM,pjabardo,Mathematics,Algebraic Geometry
ols,forio,Mathematics,Algebraic Geometry
RayTraceEllipsoid,JuliaGeometry,Mathematics,Algebraic Geometry
SurfaceMesh,michelk,Mathematics,Algebraic Geometry
TrussPlotter,sjkelly,Mathematics,Algebraic Geometry
Vec,tawheeler,Mathematics,Algebraic Geometry
CDDLib,JuliaPolyhedra,Mathematics,Computational Geometry
CHull,davidavdav,Mathematics,Computational Geometry
CSoM,goedman,Mathematics,Computational Geometry
CHull2d,cc7768,Mathematics,Computational Geometry
ConvexHull,JuliaPolyhedra,Mathematics,Computational Geometry
LRSLib,JuliaPolyhedra,Mathematics,Computational Geometry
Polyhedra,JuliaPolyhedra,Mathematics,Computational Geometry
Vec,tawheeler,Mathematics,Computational Geometry
Descartes,FactoryOS,Mathematics,
Tau,JuliaMath,Mathematics,
Chess,romstad,Mathematics,
Deepthought,dejakaymac,Mathematics,
PlayingCards,DataWookie,Mathematics,
Tetris,djsegal,Mathematics,
ACME,HSU-ANT,Physics,
auditory,jfsantos,Physics,
Chipmunk,zyedidia,Physics,
CMSSW,jpata,Physics,
Codata,kofron,Physics,
HEP,jpata,Physics,
JLab,amyascwk,Physics,
LambertW,jlapeyre,Physics,
Mass,ggggggggg,Physics,
Measurements,JuliaPhysics,Physics,
MonteCarloMeasurements,baggepinnen,Physics,
Physical,ggggggggg,Physics,
Quantities,ElOceanografo,Physics,
ROOT,jpata,Physics,
ROOTDataFrames,jpata,Physics,
Signals,TsurHerman,Physics,
SpikeSorting,paulmthompson,Physics,
Granular,anders-dc,Physics,
LatBo,UCL,Physics,
SALT,xdavidliu,Physics,
QuantumOptics,qojulia,Physics,
QuDOS,acroy,Physics,
WignerSymbols,Jutho,Physics,
QuBase,JuliaQuantum,Physics,
QuDirac,JuliaQuantum,Physics,
QuDynamics,JuliaQuantum,Physics,
IsingModels,johnmyleswhite,Physics,
MyIsing,kaslusimoes,Physics,
DynamicalBilliards,JuliaDynamics,Physics,
DynamicalSystems,JuliaDynamics,Physics,
Psychro,termolivre,Physics,
ThermodynamicsTable,DANA-Laboratory,Physics,
WaveToy,eschnett,Physics,
Automa,BioJulia,Programming Paradigms,Automata
BitRegs,daqcore,Programming Paradigms,Automata
ChainMap,bramtayl,Programming Paradigms,Automata
FemtoCleaner,JuliaComputing,Programming Paradigms,Automata
IniFile,JuliaIO,Programming Paradigms,Automata
InterVal,J-Sarnoff,Programming Paradigms,Automata
JLD,JuliaIO,Programming Paradigms,Automata
JSON,JuliaIO,Programming Paradigms,Automata
LilKanren,lilinjn,Programming Paradigms,Automata
MacroTools,MikeInnes,Programming Paradigms,Automata
Turing,TuringLang,Programming Paradigms,Automata
ControlSystems,JuliaControl,Programming Paradigms,
CommonSubexpressions,rdeits,Programming Paradigms,
Hooking,Keno,Programming Paradigms,
Iterators,JuliaLang,Programming Paradigms,
LinearControl,jemofthewest,Programming Paradigms,
ProtoBuf,JuliaIO,Programming Paradigms,
Slicot,jcrist,Programming Paradigms,
StatefulIterators,andrewcooke,Programming Paradigms,
FunctionalUtils,zachallaun,Programming Paradigms,
Glob,vtjnash,Programming Paradigms,
Lazy,MikeInnes,Programming Paradigms,
LispREPL,swadey,Programming Paradigms,
LispSyntax,swadey,Programming Paradigms,
Monads,pao,Programming Paradigms,
PatternDispatch,toivoh,Programming Paradigms,
Pipe,oxinabox,Programming Paradigms,
Reactive,JuliaGizmos,Programming Paradigms,
ModelingToolkit,JuliaDiffEq,Programming Paradigms,
Evolution,xenon-,Programming Paradigms,
ASTInterpreter,Keno,Programming Paradigms,
JuliaInterpreter,JuliaDebug,Programming Paradigms,
ForceImport,chakravala,Programming Paradigms,Macro
ImportMacros,fredrikekre,Programming Paradigms,Macro
LoopVectorization,chriselrod,Programming Paradigms,Macro
MacroUtils,carlobaldassi,Programming Paradigms,Macro
MetaMerge,davidagold,Programming Paradigms,Macro
RegexVar,o-jasper,Programming Paradigms,Macro
Reexport,simonster,Programming Paradigms,Macro
TimeIt,kbarbary,Programming Paradigms,Macro
Unroll,StephenVavasis,Programming Paradigms,Macro
UTime,J-Sarnoff,Programming Paradigms,Macro
KissThreading,bkamins,Programming Paradigms,
OCCA,ReidAtcheson,Programming Paradigms,
TiledIteration,JuliaArrays,Programming Paradigms,
NotInferenceDontLookHere,Keno,Programming Paradigms,
SyntaxTree,chakravala,Programming Paradigms,
Cassette,jrevels,Programming Paradigms,
IRTools,MikeInnes,Programming Paradigms,
Revise,timholy,Programming Paradigms,
ASTInterpreter2,Keno,Programming Paradigms,
CallGraphs,timholy,Programming Paradigms,
DataFlow,MikeInnes,Programming Paradigms,
ExpressionPatterns,fcard,Programming Paradigms,
Lens,zenna,Programming Paradigms,
LRUCache,JuliaCollections,Programming Paradigms,
PAPI,jakebolewski,Programming Paradigms,
StatProfilerHTML,tkluck,Programming Paradigms,
Spock,jey,Programming Paradigms,
Lint,tonyhffong,Programming Paradigms,
Quantity,rephorm,Programming Paradigms,
StackTraces,invenia,Programming Paradigms,
TimerOutputs,KristofferC,Programming Paradigms,
Style,johnmyleswhite,Programming Paradigms,
Brainstorm,Samayel,Resources,
Euler,moon6pence,Resources,
JuliaTutorial,abhi123link,Resources,
Spark,dfdx,Resources,
DataGotham,johnmyleswhite,Resources,
SF,johnmyleswhite,Resources,
UCDavis,johnmyleswhite,Resources,
JuliaAcademyData,JuliaComputing,Resources,
algorithms,cfusting,Resources,
JuliaIntro,scidom,Resources,
Bukdu,wookay,Server,
Merly,codeneomatrix,Server,
mvc-skeleton,halla,Server,
OpenFiscaWebApi,openfisca,Server,
Pythia,Keno,Server,
Mongrel2,aviks,Server,
Mux,JuliaWeb,Server,
Nanomsg,quinnj,Server,
ZMQ,JuliaInterop,Server,
ParallelDataTransfer,ChrisRackauckas,Server,
Dates,quinnj,Server,
DandelionWebSockets,dandeliondeathray,Server,
IPNets,JuliaWeb,Server,
LogParser,randyzwitch,Server,
MsgPackRpcServer,remore,Server,
StatsdClient,forio,Server,
UUID,forio,Server,
Etcd,forio,Server,
GnuTLS,JuliaWeb,Server,
HttpServer,JuliaLang,Server,
OAuth,randyzwitch,Server,
SecureSessions,JockLawrie,Server,
SSH,Keno,Server,
Biryani,eraviart,Server,Web
Blink,JuliaGizmos,Server,Web
Curl,forio,Server,Web
CutShortURL,rahulkp220,Server,Web
Diana,codeneomatrix,Server,Web
Fuji,jackcook,Server,Web
Gumbo,JuliaWeb,Server,Web
HTTP2,sorpaas,Server,Web
HttpCommon,JuliaWeb,Server,Web
HttpParser,JuliaWeb,Server,Web
Hyperscript,yurivish,Server,Web
Laurence,mneudert,Server,Web
LibCURL,JuliaWeb,Server,Web
Meddle,JuliaWeb,Server,Web
Merly,codeneomatrix,Server,Web
Morsel,JuliaLang,Server,Web
Pages,EricForgy,Server,Web
Requests,JuliaWeb,Server,Web
ROMEO,korbinian90,Server,Web
URITemplate,JuliaWeb,Server,Web
UAParser,JuliaWeb,Server,Web
URIParser,JuliaWeb,Server,Web
WebSockets,JuliaWeb,Server,Web
WebSocketClient,dandeliondeathray,Server,Web
Cascadia,Algocircle,Server,
Mandrill,aviks,Server,
SMTPClient,aviks,Server,
WebPlayer,SimonDanisch,Server,
CodeTools,JunoLab,Server,
DevTools,JunoLab,Server,
Hiccup,JunoLab,Server,
JuliaWebRepl,vtjnash,Server,
LanguageServer,julia-vscode,Server,
LNR,JunoLab,Server,
Media,JunoLab,Server,
SPICE,JuliaAstro,Space Science,
Astro,cormullion,Space Science,Astro Libraries
Astrodynamics,helgee,Space Science,Astro Libraries
CasaCore,mweastwood,Space Science,Astro Libraries
Celeste,jeff-regier,Space Science,Astro Libraries
Interplanetary,crbinz,Space Science,Astro Libraries
Jadex,autocorr,Space Science,Astro Libraries
JPLEphemeris,helgee,Space Science,Astro Libraries
Photometry,JuliaAstro,Space Science,Astro Libraries
SDSS,kbarbary,Space Science,Astro Libraries
SGP4,crbinz,Space Science,Astro Libraries
SkyCoords,JuliaAstro,Space Science,Astro Libraries
WCS,JuliaAstro,Space Science,Astro Libraries
WCSLIB,nolta,Space Science,Astro Libraries
AstroLib,JuliaAstro,Space Science,
Cosmology,JuliaAstro,Space Science,
DustExtinction,JuliaAstro,Space Science,
ERFA,JuliaAstro,Space Science,
WCS,JuliaAstro,Space Science,
FITSIO,JuliaAstro,Space Science,
AstroImages,JuliaAstro,Space Science,
Reproject,JuliaAstro,Space Science,
Airship,ordovician,Space Science,
SpaceShuttle,mbauman,Space Science,
SPICE,JuliaAstro,Space Science,
TaylorIntegration,PerezHz,Space Science,
copula,floswald,Statistics,Econometrics
Dolo,EconForge,Statistics,Econometrics
Dynare,DynareTeam,Statistics,Econometrics
Econometrics,Nosferican,Statistics,Econometrics
Expectations,QuantEcon,Statistics,Econometrics
FredData,micahjsmith,Statistics,Econometrics
fund,davidanthoff,Statistics,Econometrics
GARCH,AndreyKolev,Statistics,Econometrics
Gensys,QuantEcon,Statistics,Econometrics
Jconometrics,adriantorrie,Statistics,Econometrics
Loss,johnmyleswhite,Statistics,Econometrics
QuantEcon,QuantEcon,Statistics,Econometrics
RuinProbability,Hank-Qian,Statistics,Econometrics
AssetMgmt,cgroll,Statistics,Finance
BigFinance,jiahao,Statistics,Finance
Bloomberg,milktrader,Statistics,Finance
BusinessDays,JuliaFinance,Statistics,Finance
Currencies,JuliaFinance,Statistics,Finance
CTechCommon,tbreloff,Statistics,Finance
DynAssMgmt,JuliaFinMetriX,Statistics,Finance
EconDatasets,JuliaFinMetriX,Statistics,Finance
EodData,adriantorrie,Statistics,Finance
FinancialBlotter,JuliaQuant,Statistics,Finance
FinMarkets,imanuelcostigan,Statistics,Finance
FinancialMarkets,imanuelcostigan,Statistics,Finance
FinanceStats,JuliaQuant,Statistics,Finance
FRED,joidegn,Statistics,Finance
Grist,JuliaQuant,Statistics,Finance
InterestRates,felipenoris,Statistics,Finance
Ito,aviks,Statistics,Finance
LibTrading,StefanKarpinski,Statistics,Finance
MarketStates,milktrader,Statistics,Finance
MCInsurance,mkriele,Statistics,Finance
OpenFiscaCore,openfisca,Statistics,Finance
OpenFiscaFrance,openfisca,Statistics,Finance
Quandl,milktrader,Statistics,Finance
RobHood,cndesantana,Statistics,Finance
SDE,mschauer,Statistics,Finance
stockMonitor,krthkj,Statistics,Finance
Timestamps,JuliaQuant,Statistics,Finance
TradeModels,JuliaQuant,Statistics,Finance
TradingLogic,JuliaQuant,Statistics,Finance
TradingSystem,milktrader,Statistics,Finance
WorldBankDataTd,JuliaFinMetriX,Statistics,Finance
YStockData,Algocircle,Statistics,Finance
ZVSimulator,scidom,Statistics,Finance
QuantEcon,QuantEcon,Statistics,
CGRASP,tautologico,Statistics,Operations Research
CSDP,JuliaOpt,Statistics,Operations Research
ConstraintProgramming,dpsanders,Statistics,Operations Research
CutPools,joehuchette,Statistics,Operations Research
MinFinder,Ken-B,Statistics,Operations Research
OptimizationServices,tkelman,Statistics,Operations Research
Predictors,dejakaymac,Statistics,Operations Research
Ranking,johnmyleswhite,Statistics,Operations Research
RankStatistics,korowjev,Statistics,Operations Research
RationalSimplex,IainNZ,Statistics,Operations Research
SemidefiniteProgramming,daviddelaat,Statistics,Operations Research
TrafficAssignment,chkwon,Statistics,Operations Research
DG2012Tutorial,johnmyleswhite,Statistics,
AMPLMathProgInterface,mlubin,Statistics,Mathematical Optimization
AmplNLWriter,JuliaOpt,Statistics,Mathematical Optimization
BARON,joehuchette,Statistics,Mathematical Optimization
BilinearJuMP,IainNZ,Statistics,Mathematical Optimization
BlackBoxOptim,robertfeldt,Statistics,Mathematical Optimization
BLOM,tkelman,Statistics,Mathematical Optimization
Caching,zgornel,Statistics,Mathematical Optimization
ConicNonlinearBridge,mlubin,Statistics,Mathematical Optimization
Cbc,JuliaOpt,Statistics,Mathematical Optimization
CharibdeOptim,yashcodes,Statistics,Mathematical Optimization
Clp,JuliaOpt,Statistics,Mathematical Optimization
CPLEX,JuliaOpt,Statistics,Mathematical Optimization
CSDP,JuliaOpt,Statistics,Mathematical Optimization
CoinOptServices,JuliaOpt,Statistics,Mathematical Optimization
Convex,JuliaOpt,Statistics,Mathematical Optimization
CUTEst,JuliaSmoothOptimizers,Statistics,Mathematical Optimization
DDUS,vgupta1,Statistics,Mathematical Optimization
DReal,zenna,Statistics,Mathematical Optimization
ECOS,JuliaOpt,Statistics,Mathematical Optimization
EAGO,PSORLab,Statistics,Mathematical Optimization
EAGODomainReduction,MatthewStuber,Statistics,Mathematical Optimization
GeneticAlgorithms,forio,Statistics,Mathematical Optimization
GLPK,JuliaOpt,Statistics,Mathematical Optimization
GLPKMathProgInterface,JuliaOpt,Statistics,Mathematical Optimization
Gurobi,JuliaOpt,Statistics,Mathematical Optimization
HSL,JuliaSmoothOptimizers,Statistics,Mathematical Optimization
Ipopt,JuliaOpt,Statistics,Mathematical Optimization
JuMP,JuliaOpt,Statistics,Mathematical Optimization
JuMPeR,IainNZ,Statistics,Mathematical Optimization
JuMPTools,IainNZ,Statistics,Mathematical Optimization
Junquo,IainNZ,Statistics,Mathematical Optimization
LinearOperators,JuliaSmoothOptimizers,Statistics,Mathematical Optimization
LinearResponseVariationalBayes,rgiordan,Statistics,Mathematical Optimization
LossFuns,lindahua,Statistics,Mathematical Optimization
LsqFit,JuliaNLSolvers,Statistics,Mathematical Optimization
LSQ,davidlizeng,Statistics,Mathematical Optimization
MathProgBase,JuliaOpt,Statistics,Mathematical Optimization
Mosek,JuliaOpt,Statistics,Mathematical Optimization
Mayday,rdeits,Statistics,Mathematical Optimization
Memoize,JuliaCollections,Statistics,Mathematical Optimization
MOpt,floswald,Statistics,Mathematical Optimization
Munkres,FugroRoames,Statistics,Mathematical Optimization
NEOS,odow,Statistics,Mathematical Optimization
NewOptimizer,Keno,Statistics,Mathematical Optimization
NLopt,JuliaOpt,Statistics,Mathematical Optimization
NLP,JuliaSmoothOptimizers,Statistics,Mathematical Optimization
NLPModels,JuliaSmoothOptimizers,Statistics,Mathematical Optimization
NODAL,phrb,Statistics,Mathematical Optimization
Optim,JuliaNLSolvers,Statistics,Mathematical Optimization
OSQP,oxfordcontrol,Statistics,Mathematical Optimization
PiecewiseLinearOpt,joehuchette,Statistics,Mathematical Optimization
pikaia,tmeits,Statistics,Mathematical Optimization
Polyopt,MOSEK,Statistics,Mathematical Optimization
ProfileView,timholy,Statistics,Mathematical Optimization
ProxAlgs,ahwillia,Statistics,Mathematical Optimization
Proximal,johnmyleswhite,Statistics,Mathematical Optimization
QuadDIRECT,timholy,Statistics,Mathematical Optimization
Quadprog,harmeling,Statistics,Mathematical Optimization
QuickCheck,pao,Statistics,Mathematical Optimization
scheduleCrew,hugdiniz,Statistics,Mathematical Optimization
SCS,JuliaOpt,Statistics,Mathematical Optimization
simplex,davidagold,Statistics,Mathematical Optimization
StructJuMP,StructJuMP,Statistics,Mathematical Optimization
SumOfSquares,JuliaOpt,Statistics,Mathematical Optimization
Surrogates,JuliaDiffEq,Statistics,Mathematical Optimization
VinDsl,jmxpearson,Statistics,Mathematical Optimization
Xpress,JuliaOpt,Statistics,Mathematical Optimization
CGP,glesica,Statistics,
GaussDCA,carlobaldassi,Statistics,
InformedDifferentialEvolution,rened,Statistics,
ParallelGenocop,display-none,Statistics,
ampl,JuliaSmoothOptimizers,Statistics,
AmplNLReader,JuliaSmoothOptimizers,Statistics,
AmplNLWriter,JuliaOpt,Statistics,
KNITRO,JuliaOpt,Statistics,
JuGP,mlubin,Statistics,
AutoUrban,sisl,Statistics,
AutoViz,sisl,Statistics,
AdaGram,sbos,Statistics,Statistics
AverageShiftedHistograms,joshday,Statistics,Statistics
BasicSpace,johnmyleswhite,Statistics,Statistics
Bootstrap,juliangehring,Statistics,Statistics
Causality,tfgit,Statistics,Statistics
CauseMap,cyrusmaher,Statistics,Statistics
Civecm,andreasnoackjensen,Statistics,Statistics
CoDa,JuliaEarth,Statistics,Statistics
ConditionalRandomFields,jperla,Statistics,Statistics
ConjugatePriors,JuliaStats,Statistics,Statistics
CRBM,kzahedi,Statistics,Statistics
CTDE,adolgert,Statistics,Statistics
CurveFit,pjabardo,Statistics,Statistics
DA,trthatcher,Statistics,Statistics
DH32StatsHelpers,DanielHoffmann32,Statistics,Statistics
DiscriminantAnalysis,johnmyleswhite,Statistics,Statistics
Divergences,gragusa,Statistics,Statistics
DPMM,sbos,Statistics,Statistics
DirichletProcessMixtures,sbos,Statistics,Statistics
DimensionalityReduction,JuliaStats,Statistics,Statistics
Distance,JuliaStats,Statistics,Statistics
Distances,JuliaStats,Statistics,Statistics
Earth,lendle,Statistics,Statistics
ExtremeStats,JuliaEarth,Statistics,Statistics
FactorModels,joidegn,Statistics,Statistics
FeldtLib,robertfeldt,Statistics,Statistics
FreqTables,nalimilan,Statistics,Statistics
GLM,JuliaStats,Statistics,Statistics
Hotspot,jzelner,Statistics,Statistics
HypothesisTests,JuliaStats,Statistics,Statistics
HyperLogLog,johnmyleswhite,Statistics,Statistics
Isotonic,ajtulloch,Statistics,Statistics
ITC,johnmyleswhite,Statistics,Statistics
KernSmooth,lendle,Statistics,Statistics
KLDivergence,johnmyleswhite,Statistics,Statistics
LowRankModels,madeleineudell,Statistics,Statistics
ManifoldLearning,wildart,Statistics,Statistics
MixedModels,JuliaStats,Statistics,Statistics
MLBase,JuliaStats,Statistics,Statistics
NaiveBayes,dfdx,Statistics,Statistics
NURBS,TheBB,Statistics,Statistics
NHST,johnmyleswhite,Statistics,Statistics
OnlineStats,joshday,Statistics,Statistics
PowerLaws,johnybx,Statistics,Statistics
PValueAdjust,dirkschumacher,Statistics,Statistics
Rmath,JuliaStats,Statistics,Statistics
RandomProcesses,johnmyleswhite,Statistics,Statistics
RankAggregation,JuliaEarth,Statistics,Statistics
RBM,kzahedi,Statistics,Statistics
SimpleRL,johnmyleswhite,Statistics,Statistics
SpecialFunctions,JuliaMath,Statistics,Statistics
StatsBase,JuliaStats,Statistics,Statistics
SVM,JuliaStats,Statistics,Statistics
TopicModels,slycoder,Statistics,Statistics
VCOV,gragusa,Statistics,Statistics
VStatistic,dostodabsi,Statistics,Statistics
StatsLearningByExample,scidom,Statistics,
DCStats,johnmyleswhite,Statistics,
ABCDistances,dennisprangle,Statistics,Bayesian
BayesianDataFusion,jaak-s,Statistics,Bayesian
BayesEstDiffusion,mschauer,Statistics,Bayesian
BayesModels,lindahua,Statistics,Bayesian
BayesNets,sisl,Statistics,Bayesian
BIAS,adham,Statistics,Bayesian
BNP,trappmartin,Statistics,Bayesian
Bolstad2,goedman,Statistics,Bayesian
IdealPoints,johnmyleswhite,Statistics,Bayesian
MCBN,binarybana,Statistics,Bayesian
MiniNest,iamed2,Statistics,Bayesian
NestedSampling,kbarbary,Statistics,Bayesian
PortHamiltonian,flavioluiz,Statistics,Bayesian
PSIS,alvaro1101,Statistics,Bayesian
VarBayes,acetoline,Statistics,Bayesian
GP,pschulam,Statistics,
GaussianMixtures,davidavdav,Statistics,
GaussQuadrature,billmclean,Statistics,
GaussianProcesses,STOR-i,Statistics,
NaiveBayes,dfdx,Statistics,
Schauder,mschauer,Statistics,
GeoStats,JuliaEarth,Statistics,
GslibIO,JuliaEarth,Statistics,
GeoStatsImages,JuliaEarth,Statistics,
Mads,madsjulia,Statistics,
Augur,AugurProject,Statistics,Monte Carlo Methods
ClusterUtils,pearcemc,Statistics,Monte Carlo Methods
GeometricMCMC,scidom,Statistics,Monte Carlo Methods
MCMC2,johnmyleswhite,Statistics,Monte Carlo Methods
MCMCExampleRepository,goedman,Statistics,Monte Carlo Methods
MCMCModels,scidom,Statistics,Monte Carlo Methods
MonteCarloMeasurements,baggepinnen,Statistics,Monte Carlo Methods
RecombinatorKMeans,carlobaldassi,Statistics,Monte Carlo Methods
SimpleMCMC,fredo-dedup,Statistics,Monte Carlo Methods
StableDQMC,crstnbr,Statistics,Monte Carlo Methods
CrossDecomposition,simonster,Statistics,
FeatureExtraction,trthatcher,Statistics,
MultivariateAnalysis,lindahua,Statistics,
Powerlog,mwsohn,Statistics,
BestSubsetRegression,IainNZ,Statistics,Regression Analysis
Earth,lendle,Statistics,Regression Analysis
FirthRegression,simonster,Statistics,Regression Analysis
FixedEffectModels,FixedEffects,Statistics,Regression Analysis
FLSA,EQt,Statistics,Regression Analysis
GLM,JuliaStats,Statistics,Regression Analysis
HD,mlakolar,Statistics,Regression Analysis
LARS,simonster,Statistics,Regression Analysis
Lasso,JuliaStats,Statistics,Regression Analysis
NonNegLeastSquares,ahwillia,Statistics,Regression Analysis
OutOfSampleBootstrap,grayclhn,Statistics,Regression Analysis
ParallelSparseRegression,madeleineudell,Statistics,Regression Analysis
QuantileRegression,vincentarelbundock,Statistics,Regression Analysis
Regression,lindahua,Statistics,Regression Analysis
RegTools,joemliang,Statistics,Regression Analysis
SparseRegression,joshday,Statistics,Regression Analysis
BloomFilters,johnmyleswhite,Statistics,Probabilistic Programming
Church,LaurenceA,Statistics,Probabilistic Programming
DiscreteFactor,wlbksy,Statistics,Probabilistic Programming
MixtureModels,lindahua,Statistics,Probabilistic Programming
Omega,zenna,Statistics,Probabilistic Programming
OpenPP,JuliaStats,Statistics,Probabilistic Programming
PGM0,micklat,Statistics,Probabilistic Programming
ProbabilisticModeling,johnmyleswhite,Statistics,Probabilistic Programming
ProbTopicModels,lindahua,Statistics,Probabilistic Programming
Rmath,JuliaStats,Statistics,Probabilistic Programming
Sigma,zenna,Statistics,Probabilistic Programming
Soss,cscherrer,Statistics,Probabilistic Programming
Stan,StanJulia,Statistics,Probabilistic Programming
Stochy,null-a,Statistics,Probabilistic Programming
Turing,TuringLang,Statistics,Probabilistic Programming
GeneralizedSampling,robertdj,Statistics,
Jackknife,ararslan,Statistics,
Jags,JagsJulia,Statistics,
Resampling,johnmyleswhite,Statistics,
Sampling,JuliaStats,Statistics,
RobustStats,mrxiaohe,Statistics,
StatTests,i-kiwamu,Statistics,
BasisFunctionExpansions,baggepinnen,Statistics,Time Series
ControlSystemIdentification,baggepinnen,Statistics,Time Series
DFA,afternone,Statistics,Time Series
DCCA,johncwok,Statistics,Time Series
KernelDensity,JuliaStats,Statistics,Time Series
KernelEstimator,panlanfeng,Statistics,Time Series
LPVSpectral,baggepinnen,Statistics,Time Series
MarketTechnicals,JuliaQuant,Statistics,Time Series
PerronFrobenius,kahaaga,Statistics,Time Series
SmoothingKernels,johnmyleswhite,Statistics,Time Series
Temporal,dysonance,Statistics,Time Series
TimeModels,JuliaStats,Statistics,Time Series
TimeSeries,JuliaStats,Statistics,Time Series
TimeSeriesQueries,milktrader,Statistics,Time Series
TimeSeriesRegressions,andreasnoack,Statistics,Time Series
CTMCEnsemble,innerlee,Statistics,Stochastics
DESPOT,JuliaPOMDP,Statistics,Stochastics
DSGE,FRBNY-DSGE,Statistics,Stochastics
DSPsolver,Argonne-National-Laboratory,Statistics,Stochastics
HJBFiniteDifference,matthieugomez,Statistics,Stochastics
JuMPStoch,joehuchette,Statistics,Stochastics
POMDPs,JuliaPOMDP,Statistics,Stochastics
POMDPToolbox,JuliaPOMDP,Statistics,Stochastics
SGDOptim,lindahua,Statistics,Stochastics
SGD,johnmyleswhite,Statistics,Stochastics
SGDDemo,johnmyleswhite,Statistics,Stochastics
SGD2,johnmyleswhite,Statistics,Stochastics
StochasticSearch,phrb,Statistics,Stochastics
DynamicDiscreteModels,BenConnault,Statistics,
HiddenMarkovModels,BenConnault,Statistics,
HMMBase,maxmouchet,Statistics,
RustModels,BenConnault,Statistics,
MXNet,dmlc,Super Computing,GPU
Titan,malmaud,Super Computing,GPU
CUBLAS,JuliaGPU,Super Computing,GPU
CUDA,JuliaGPU,Super Computing,GPU
CUDArt,JuliaGPU,Super Computing,GPU
CUDNN,JuliaGPU,Super Computing,GPU
HSA,JuliaGPU,Super Computing,GPU
OpenCL,JuliaGPU,Super Computing,GPU
UberSignals,SimonDanisch,Super Computing,GPU
Benchmark,johnmyleswhite,Super Computing,Benchmarks
BenchmarkLite,lindahua,Super Computing,Benchmarks
ConicBenchmarkUtilities,JuliaOpt,Super Computing,Benchmarks
Criterion,jakebolewski,Super Computing,Benchmarks
DataBench,xiaodaigh,Super Computing,Benchmarks
PerfPlot,weijianzhang,Super Computing,Benchmarks
Perftests,staticfloat,Super Computing,Benchmarks
SortPerf,kmsquire,Super Computing,Benchmarks
SchumakerSpline,s-baumann,Super Computing,Benchmarks
Clang,JuliaInterop,Super Computing,
CompilerTools,IntelLabs,Super Computing,
CompilerOptions,sjkelly,Super Computing,
Eglib,ihnorton,Super Computing,
JITTools,Keno,Super Computing,
LLVM,maleadt,Super Computing,
ParallelAccelerator,IntelLabs,Super Computing,
SnoopCompile,timholy,Super Computing,
ISPC,damiendr,Super Computing,
IACA,carnaval,Super Computing,
CPUTime,schmrlng,Super Computing,
USERTime,christianpeel,Super Computing,
Actors,daqcore,Super Computing,
RawMutex,vchuravy,Super Computing,
AWS,amitmurthy,Super Computing,
AWSCore,JuliaCloud,Super Computing,
AWSS3,JuliaCloud,Super Computing,
OCAWS,samoconnor,Super Computing,
CloudArray,gsd-ufal,Super Computing,
GCloud,spencerlyon2,Super Computing,
GoogleCloud,JuliaCloud,Super Computing,
ClusterDicts,amitmurthy,Super Computing,
HavenOnDemand,richitmx,Super Computing,
HPAT,IntelLabs,Super Computing,
MatlabCluster,simonster,Super Computing,
SGEArrays,davidavdav,Super Computing,
ChainedVectors,tanmaykm,Super Computing,Distributed Computing
ClusterDicts,amitmurthy,Super Computing,Distributed Computing
Flume,malmaud,Super Computing,Distributed Computing
FunHPC,eschnett,Super Computing,Distributed Computing
HavenOnDemand,richitmx,Super Computing,Distributed Computing
HPAT,IntelLabs,Super Computing,Distributed Computing
ParallelGLM,dmbates,Super Computing,Distributed Computing
PTools,amitmurthy,Super Computing,Distributed Computing
SGEArrays,davidavdav,Super Computing,Distributed Computing
IBFS,eurika-kaiser,Super Computing,
Dtree,kpamnany,Super Computing,
FunHPC,eschnett,Super Computing,
hpcc,jiahao,Super Computing,
CUDAnative,JuliaGPU,Super Computing,
ClusterManagers,JuliaParallel,Super Computing,
Collectl,ranjanan,Super Computing,
LCJC,amitmurthy,Super Computing,
Persist,eschnett,Super Computing,
SimJulia,BenLauwens,Super Computing,
Blocks,JuliaParallel,Super Computing,Parallel Computing
ClusterManagers,JuliaParallel,Super Computing,Parallel Computing
Dagger,JuliaParallel,Super Computing,Parallel Computing
Dispatcher,invenia,Super Computing,Parallel Computing
DispatcherCache,zgornel,Super Computing,Parallel Computing
DistributedArrays,JuliaParallel,Super Computing,Parallel Computing
Elly,JuliaParallel,Super Computing,Parallel Computing
Flume,malmaud,Super Computing,Parallel Computing
HDFS,JuliaParallel,Super Computing,Parallel Computing
Heptapus,lcw,Super Computing,Parallel Computing
Hwloc,JuliaParallel,Super Computing,Parallel Computing
MessageUtils,JuliaParallel,Super Computing,Parallel Computing
MPI,JuliaParallel,Super Computing,Parallel Computing
ParallelAccelerator,IntelLabs,Super Computing,Parallel Computing
ParallelGLM,dmbates,Super Computing,Parallel Computing
PTools,amitmurthy,Super Computing,Parallel Computing
ScaLAPACK,JuliaParallel,Super Computing,Parallel Computing
Slurm,JuliaParallel,Super Computing,Parallel Computing
MPIArrays,barche,Super Computing,
SIMD,eschnett,Super Computing,
SIMDPirates,chriselrod,Super Computing,
SIMDVectors,KristofferC,Super Computing,
Yeppp,JuliaMath,Super Computing,
Events,mirek,Utilities,
FilePaths,rofinn,Utilities,
Graze,iamed2,Utilities,
Humanize,IainNZ,Utilities,
Osmosis,SimonDanisch,Utilities,
SO,dlfivefifty,Utilities,
Blosc,stevengj,Utilities,
GZip,JuliaIO,Utilities,
InfoZIP,samoconnor,Utilities,
Libz,BioJulia,Utilities,
Snappy,bicycle1885,Utilities,
ZipFile,fhs,Utilities,
Zlib,dcjones,Utilities,
COMCall,ihnorton,Utilities,Microsoft Windows
IniFile,JuliaIO,Utilities,Microsoft Windows
IUP,joa-quim,Utilities,Microsoft Windows
RawFile,azraq27,Utilities,Microsoft Windows
WAV,dancasimiro,Utilities,Microsoft Windows
Win32GUIDemo,ihnorton,Utilities,Microsoft Windows
WinReg,simonbyrne,Utilities,Microsoft Windows
WinUser,JuliaGL,Utilities,Microsoft Windows
Wine,Keno,Utilities,Microsoft Windows
XCB,JuliaGL,Utilities,Microsoft Windows
AnsiColor,Aerlinger,Utilities,Terminal
ArgParse,carlobaldassi,Utilities,Terminal
CLI,Roger-luo,Utilities,Terminal
DocOpt,docopt,Utilities,Terminal
FTPClient,invenia,Utilities,Terminal
LibArchive,yuyichao,Utilities,Terminal
LineEdit,Keno,Utilities,Terminal
MetaTools,burrowsa,Utilities,Terminal
NCurses,Keno,Utilities,Terminal
ProgressMeter,timholy,Utilities,Terminal
REPL,Keno,Utilities,Terminal
REPLCompletions,Keno,Utilities,Terminal
REPLMods,spencerlyon2,Utilities,Terminal
SaveREPL,sjkelly,Utilities,Terminal
TerminalExtensions,Keno,Utilities,Terminal
toolbox,natj,Utilities,Terminal
TermWin,tonyhffong,Utilities,Terminal
Termbox,jgoldfar,Utilities,Terminal
TerminalMenus,nick-paul,Utilities,Terminal
TerminalUI,Keno,Utilities,Terminal
VT100,Keno,Utilities,Terminal
DandelionSlack,dandeliondeathray,Utilities,
Slackbot,jiahao,Utilities,
Twilert,glesica,Utilities,
Discord,PurgePJ,Utilities,
Toxcore,SimonDanisch,Utilities,
